"municipio","P1 (semáforo (verde/vermelho))","P2 (semáforo (verde/amarelo/vermelho))","P3 (semáforo (verde/vermelho))","P4 (semáforo (verde/vermelho))","P5 (semáforo (verde/amarelo/vermelho))","P6 (semáforo (verde/amarelo/vermelho))","P7 (semáforo (verde/amarelo/vermelho))"
"Agudo","vermelho","verde","vermelho","vermelho","amarelo","verde","amarelo"
"Alto Alegre","vermelho","verde","vermelho","vermelho","vermelho","verde","amarelo"
"Alto Feliz","vermelho","verde","vermelho","vermelho","amarelo","vermelho","vermelho"
"Alvorada","vermelho","verde","vermelho","vermelho","verde","amarelo","amarelo"
"Amaral Ferrador","vermelho","amarelo","vermelho","vermelho","vermelho","verde","vermelho"
"Anta Gorda","vermelho","verde","vermelho","vermelho","vermelho","verde","amarelo"
"Arambaré","vermelho","verde","vermelho","verde","verde","verde","amarelo"
"Araricá","vermelho","verde","vermelho","vermelho","vermelho","amarelo","amarelo"
"Arroio Grande","vermelho","verde","vermelho","vermelho","vermelho","verde","vermelho"
"Arroio do Meio","vermelho","verde","vermelho","verde","amarelo","verde","amarelo"
"Arroio do Padre","vermelho","vermelho","vermelho","vermelho","vermelho","vermelho","vermelho"
"Arroio dos Ratos","vermelho","verde","vermelho","vermelho","amarelo","verde","amarelo"
"Arvorezinha","vermelho","verde","vermelho","vermelho","vermelho","verde","vermelho"
"Barra do Ribeiro","vermelho","verde","vermelho","vermelho","amarelo","vermelho","vermelho"
"Barracão","vermelho","verde","vermelho","vermelho","amarelo","verde","vermelho"
"Barros Cassal","vermelho","verde","vermelho","vermelho","verde","verde","vermelho"
"Barão de Cotegipe","vermelho","verde","vermelho","vermelho","amarelo","verde","vermelho"
"Barão do Triunfo","vermelho","verde","vermelho","verde","verde","verde","amarelo"
"Barão","vermelho","verde","vermelho","vermelho","verde","verde","vermelho"
"Boa Vista do Cadeado","vermelho","verde","vermelho","vermelho","verde","vermelho","amarelo"
"Boa Vista do Incra","vermelho","verde","vermelho","vermelho","verde","verde","vermelho"
"Bom Princípio","verde","verde","vermelho","vermelho","amarelo","verde","amarelo"
"Bom Retiro do Sul","verde","verde","vermelho","vermelho","verde","verde","amarelo"
"Brochier","vermelho","verde","vermelho","vermelho","amarelo","verde","amarelo"
"Butiá","vermelho","verde","vermelho","vermelho","amarelo","verde","amarelo"
"Cacequi","vermelho","verde","vermelho","verde","amarelo","verde","vermelho"
"Cachoeira do Sul","verde","verde","vermelho","vermelho","amarelo","amarelo","verde"
"Cachoeirinha","vermelho","amarelo","vermelho","vermelho","amarelo","amarelo","vermelho"
"Cacique Doble","vermelho","verde","vermelho","vermelho","amarelo","verde","amarelo"
"Camaquã","vermelho","verde","vermelho","vermelho","vermelho","verde","vermelho"
"Camargo","vermelho","verde","vermelho","vermelho","amarelo","verde","vermelho"
"Campo Bom","vermelho","amarelo","vermelho","vermelho","amarelo","verde","amarelo"
"Campos Borges","vermelho","verde","vermelho","vermelho","vermelho","verde","amarelo"
"Candelária","vermelho","verde","vermelho","vermelho","amarelo","verde","vermelho"
"Canguçu","verde","verde","vermelho","vermelho","amarelo","verde","vermelho"
"Canoas","vermelho","verde","vermelho","verde","amarelo","verde","amarelo"
"Canudos do Vale","verde","verde","vermelho","vermelho","amarelo","verde","amarelo"
"Capela de Santana","vermelho","verde","vermelho","vermelho","verde","amarelo","vermelho"
"Capitão","vermelho","verde","vermelho","verde","verde","verde","vermelho"
"Capão Bonito do Sul","vermelho","verde","vermelho","vermelho","vermelho","verde","amarelo"
"Capão do Cipó","vermelho","verde","vermelho","vermelho","vermelho","verde","verde"
"Capão do Leão","vermelho","verde","vermelho","vermelho","amarelo","verde","amarelo"
"Carazinho","vermelho","verde","vermelho","vermelho","verde","amarelo","amarelo"
"Carlos Gomes","vermelho","verde","vermelho","vermelho","verde","vermelho","vermelho"
"Casca","vermelho","verde","vermelho","vermelho","amarelo","verde","amarelo"
"Caseiros","vermelho","verde","vermelho","vermelho","amarelo","vermelho","vermelho"
"Centenário","vermelho","verde","vermelho","vermelho","amarelo","verde","amarelo"
"Cerrito","vermelho","verde","vermelho","verde","amarelo","verde","amarelo"
"Cerro Branco","vermelho","verde","vermelho","vermelho","vermelho","amarelo","amarelo"
"Cerro Grande do Sul","vermelho","verde","vermelho","vermelho","amarelo","verde","amarelo"
"Charqueadas","vermelho","verde","vermelho","verde","amarelo","amarelo","amarelo"
"Charrua","vermelho","verde","vermelho","vermelho","verde","vermelho","vermelho"
"Chuvisca","vermelho","verde","vermelho","vermelho","vermelho","vermelho","amarelo"
"Chuí","vermelho","verde","vermelho","vermelho","amarelo","verde","amarelo"
"Ciríaco","vermelho","verde","vermelho","vermelho","verde","verde","vermelho"
"Colinas","vermelho","verde","vermelho","vermelho","verde","verde","amarelo"
"Colorado","vermelho","verde","vermelho","vermelho","amarelo","verde","vermelho"
"Coqueiro Baixo","vermelho","verde","vermelho","vermelho","amarelo","verde","vermelho"
"Coxilha","vermelho","verde","vermelho","vermelho","verde","verde","amarelo"
"Cristal","vermelho","verde","vermelho","vermelho","amarelo","verde","amarelo"
"Cruz Alta","vermelho","verde","vermelho","vermelho","vermelho","verde","vermelho"
"Cruzeiro do Sul","vermelho","verde","vermelho","verde","verde","verde","verde"
"David Canabarro","vermelho","vermelho","vermelho","vermelho","vermelho","verde","vermelho"
"Dilermando de Aguiar","vermelho","verde","vermelho","vermelho","vermelho","verde","vermelho"
"Dois Irmãos","vermelho","amarelo","vermelho","vermelho","verde","verde","amarelo"
"Dois Lajeados","vermelho","verde","vermelho","vermelho","amarelo","verde","vermelho"
"Dom Feliciano","vermelho","verde","vermelho","vermelho","vermelho","verde","vermelho"
"Dona Francisca","vermelho","verde","vermelho","vermelho","vermelho","verde","vermelho"
"Doutor Ricardo","vermelho","verde","vermelho","vermelho","vermelho","verde","vermelho"
"Eldorado do Sul","verde","verde","vermelho","verde","amarelo","verde","verde"
"Encantado","vermelho","verde","vermelho","verde","verde","verde","verde"
"Encruzilhada do Sul","vermelho","verde","vermelho","vermelho","vermelho","verde","amarelo"
"Erebango","vermelho","verde","vermelho","vermelho","verde","verde","vermelho"
"Erechim","vermelho","verde","vermelho","vermelho","vermelho","verde","amarelo"
"Ernestina","vermelho","verde","vermelho","vermelho","amarelo","verde","amarelo"
"Espumoso","vermelho","verde","vermelho","vermelho","vermelho","amarelo","vermelho"
"Estação","vermelho","verde","vermelho","vermelho","vermelho","verde","amarelo"
"Esteio","verde","verde","vermelho","vermelho","verde","verde","amarelo"
"Estrela Velha","vermelho","verde","vermelho","vermelho","vermelho","verde","amarelo"
"Estrela","verde","verde","vermelho","verde","amarelo","verde","amarelo"
"Estância Velha","vermelho","amarelo","vermelho","vermelho","verde","verde","verde"
"Faxinal do Soturno","vermelho","amarelo","vermelho","vermelho","verde","vermelho","amarelo"
"Fazenda Vilanova","vermelho","amarelo","vermelho","vermelho","vermelho","verde","vermelho"
"Feliz","vermelho","verde","vermelho","vermelho","verde","amarelo","amarelo"
"Floriano Peixoto","vermelho","verde","vermelho","vermelho","verde","amarelo","vermelho"
"Fontoura Xavier","vermelho","verde","vermelho","vermelho","verde","verde","verde"
"Formigueiro","vermelho","verde","vermelho","vermelho","vermelho","amarelo","vermelho"
"Forquetinha","vermelho","verde","vermelho","vermelho","amarelo","verde","amarelo"
"Fortaleza dos Valos","vermelho","verde","vermelho","vermelho","vermelho","verde","amarelo"
"Gaurama","vermelho","verde","vermelho","vermelho","amarelo","verde","amarelo"
"Gentil","vermelho","verde","vermelho","vermelho","vermelho","verde","vermelho"
"Getúlio Vargas","vermelho","verde","vermelho","vermelho","amarelo","verde","amarelo"
"Glorinha","vermelho","verde","vermelho","vermelho","amarelo","vermelho","amarelo"
"Gramado Xavier","vermelho","verde","vermelho","vermelho","amarelo","verde","vermelho"
"Gravataí","vermelho","amarelo","vermelho","vermelho","verde","verde","amarelo"
"Guaíba","vermelho","amarelo","vermelho","vermelho","amarelo","amarelo","amarelo"
"Harmonia","vermelho","verde","vermelho","vermelho","amarelo","verde","verde"
"Herval","vermelho","verde","vermelho","vermelho","vermelho","verde","amarelo"
"Herveiras","vermelho","verde","vermelho","vermelho","verde","verde","vermelho"
"Ibarama","vermelho","verde","vermelho","vermelho","vermelho","amarelo","amarelo"
"Ibiaçá","vermelho","verde","vermelho","vermelho","verde","amarelo","verde"
"Ibiraiaras","vermelho","verde","vermelho","vermelho","amarelo","verde","verde"
"Ibirapuitã","vermelho","verde","vermelho","vermelho","amarelo","verde","vermelho"
"Ibirubá","vermelho","verde","vermelho","vermelho","vermelho","amarelo","vermelho"
"Igrejinha","vermelho","verde","vermelho","vermelho","verde","amarelo","vermelho"
"Ilópolis","vermelho","amarelo","vermelho","vermelho","vermelho","verde","vermelho"
"Imigrante","vermelho","verde","vermelho","vermelho","vermelho","verde","vermelho"
"Ipiranga do Sul","vermelho","verde","vermelho","vermelho","amarelo","verde","amarelo"
"Itaara","vermelho","verde","vermelho","vermelho","vermelho","amarelo","vermelho"
"Itapuca","vermelho","verde","vermelho","vermelho","amarelo","verde","vermelho"
"Ivorá","vermelho","verde","vermelho","vermelho","vermelho","verde","amarelo"
"Ivoti","vermelho","amarelo","vermelho","vermelho","amarelo","vermelho","vermelho"
"Jacuizinho","vermelho","verde","vermelho","vermelho","vermelho","amarelo","amarelo"
"Jaguari","vermelho","verde","vermelho","vermelho","vermelho","verde","verde"
"Jaguarão","vermelho","verde","vermelho","verde","verde","verde","amarelo"
"Jari","vermelho","verde","vermelho","vermelho","amarelo","amarelo","vermelho"
"Júlio de Castilhos","vermelho","verde","vermelho","vermelho","amarelo","verde","vermelho"
"Lagoa Bonita do Sul","vermelho","verde","vermelho","vermelho","vermelho","verde","amarelo"
"Lagoa Vermelha","vermelho","verde","vermelho","vermelho","verde","vermelho","vermelho"
"Lagoa dos Três Cantos","vermelho","verde","vermelho","vermelho","verde","amarelo","vermelho"
"Lagoão","vermelho","verde","vermelho","vermelho","amarelo","verde","amarelo"
"Lajeado","vermelho","verde","vermelho","verde","verde","verde","amarelo"
"Lindolfo Collor","vermelho","amarelo","vermelho","vermelho","vermelho","amarelo","vermelho"
"Linha Nova","vermelho","verde","vermelho","vermelho","verde","verde","amarelo"
"Machadinho","vermelho","verde","vermelho","vermelho","verde","amarelo","amarelo"
"Maratá","vermelho","verde","vermelho","vermelho","amarelo","verde","amarelo"
"Marau","vermelho","verde","vermelho","vermelho","verde","amarelo","amarelo"
"Marcelino Ramos","vermelho","verde","verde","verde","verde","verde","amarelo"
"Mariana Pimentel","vermelho","amarelo","vermelho","vermelho","vermelho","verde","vermelho"
"Marques de Souza","verde","verde","vermelho","verde","amarelo","verde","verde"
"Mata","vermelho","verde","vermelho","vermelho","amarelo","amarelo","amarelo"
"Mato Castelhano","vermelho","verde","vermelho","vermelho","verde","verde","verde"
"Mato Leitão","vermelho","verde","vermelho","vermelho","amarelo","verde","amarelo"
"Maximiliano de Almeida","vermelho","verde","vermelho","vermelho","verde","verde","amarelo"
"Minas do Leão","vermelho","verde","vermelho","vermelho","vermelho","verde","vermelho"
"Montenegro","vermelho","verde","vermelho","vermelho","amarelo","amarelo","verde"
"Mormaço","vermelho","vermelho","vermelho","vermelho","vermelho","vermelho","vermelho"
"Morro Redondo","vermelho","verde","vermelho","vermelho","vermelho","verde","amarelo"
"Morro Reuter","vermelho","verde","vermelho","vermelho","vermelho","amarelo","vermelho"
"Muliterno","vermelho","verde","vermelho","vermelho","vermelho","verde","amarelo"
"Nicolau Vergueiro","vermelho","verde","vermelho","vermelho","amarelo","verde","amarelo"
"Nova Alvorada","vermelho","verde","vermelho","vermelho","verde","verde","vermelho"
"Nova Bréscia","vermelho","verde","vermelho","vermelho","vermelho","verde","amarelo"
"Nova Esperança do Sul","vermelho","verde","vermelho","vermelho","vermelho","amarelo","amarelo"
"Nova Hartz","vermelho","verde","vermelho","vermelho","vermelho","verde","amarelo"
"Nova Palma","vermelho","verde","vermelho","vermelho","amarelo","verde","verde"
"Nova Santa Rita","vermelho","amarelo","vermelho","vermelho","amarelo","amarelo","verde"
"Novo Cabrais","vermelho","verde","vermelho","vermelho","vermelho","verde","amarelo"
"Novo Hamburgo","verde","verde","vermelho","vermelho","verde","verde","verde"
"Não-Me-Toque","vermelho","verde","vermelho","vermelho","amarelo","amarelo","amarelo"
"Paim Filho","vermelho","verde","vermelho","vermelho","amarelo","verde","vermelho"
"Pantano Grande","vermelho","verde","vermelho","vermelho","amarelo","verde","vermelho"
"Paraíso do Sul","vermelho","verde","vermelho","vermelho","vermelho","vermelho","amarelo"
"Pareci Novo","vermelho","verde","vermelho","vermelho","vermelho","verde","vermelho"
"Parobé","vermelho","verde","vermelho","vermelho","amarelo","verde","vermelho"
"Passa Sete","vermelho","verde","vermelho","vermelho","vermelho","verde","amarelo"
"Passo Fundo","vermelho","verde","vermelho","vermelho","amarelo","amarelo","amarelo"
"Passo do Sobrado","vermelho","verde","vermelho","vermelho","vermelho","vermelho","amarelo"
"Paverama","vermelho","verde","vermelho","vermelho","amarelo","verde","vermelho"
"Pedras Altas","verde","verde","vermelho","vermelho","verde","verde","verde"
"Pedro Osório","vermelho","verde","vermelho","vermelho","vermelho","verde","vermelho"
"Pelotas","vermelho","amarelo","vermelho","vermelho","amarelo","amarelo","vermelho"
"Pinhal Grande","vermelho","verde","vermelho","vermelho","vermelho","verde","verde"
"Pinheiro Machado","vermelho","verde","vermelho","vermelho","vermelho","verde","amarelo"
"Piratini","vermelho","verde","vermelho","vermelho","vermelho","verde","amarelo"
"Porto Alegre","verde","amarelo","vermelho","vermelho","verde","verde","verde"
"Portão","vermelho","verde","vermelho","verde","verde","verde","vermelho"
"Pouso Novo","verde","verde","vermelho","vermelho","verde","verde","verde"
"Poço das Antas","vermelho","verde","vermelho","verde","amarelo","verde","vermelho"
"Presidente Lucena","vermelho","verde","vermelho","vermelho","vermelho","verde","amarelo"
"Progresso","vermelho","verde","vermelho","vermelho","vermelho","verde","amarelo"
"Putinga","vermelho","amarelo","vermelho","vermelho","vermelho","vermelho","vermelho"
"Quevedos","vermelho","amarelo","vermelho","vermelho","verde","verde","amarelo"
"Quinze de Novembro","vermelho","verde","vermelho","vermelho","vermelho","amarelo","amarelo"
"Relvado","vermelho","verde","vermelho","vermelho","vermelho","verde","vermelho"
"Restinga Sêca","vermelho","verde","vermelho","vermelho","amarelo","verde","vermelho"
"Rio Grande","vermelho","verde","vermelho","vermelho","amarelo","verde","verde"
"Rio Pardo","vermelho","verde","vermelho","vermelho","amarelo","verde","amarelo"
"Riozinho","verde","verde","vermelho","verde","verde","amarelo","amarelo"
"Roca Sales","vermelho","verde","vermelho","vermelho","verde","verde","vermelho"
"Rolante","vermelho","verde","vermelho","vermelho","verde","amarelo","vermelho"
"Saldanha Marinho","vermelho","verde","vermelho","vermelho","vermelho","vermelho","vermelho"
"Salto do Jacuí","vermelho","verde","vermelho","vermelho","vermelho","verde","amarelo"
"Salvador do Sul","vermelho","verde","vermelho","vermelho","vermelho","amarelo","amarelo"
"Sananduva","vermelho","verde","vermelho","vermelho","amarelo","verde","vermelho"
"Santa Bárbara do Sul","vermelho","verde","vermelho","vermelho","amarelo","verde","verde"
"Santa Cecília do Sul","vermelho","verde","vermelho","vermelho","amarelo","verde","vermelho"
"Santa Clara do Sul","vermelho","verde","vermelho","vermelho","vermelho","verde","vermelho"
"Santa Cruz do Sul","vermelho","verde","vermelho","vermelho","verde","verde","vermelho"
"Santa Maria do Herval","vermelho","verde","vermelho","vermelho","amarelo","amarelo","vermelho"
"Santa Maria","vermelho","amarelo","vermelho","vermelho","verde","amarelo","amarelo"
"Santa Vitória do Palmar","vermelho","verde","vermelho","vermelho","amarelo","verde","vermelho"
"Santana da Boa Vista","vermelho","verde","vermelho","vermelho","amarelo","verde","amarelo"
"Santiago","vermelho","amarelo","vermelho","vermelho","verde","amarelo","amarelo"
"Santo Antônio da Patrulha","vermelho","verde","vermelho","vermelho","verde","verde","amarelo"
"Santo Antônio do Palma","vermelho","verde","vermelho","vermelho","amarelo","verde","vermelho"
"Santo Antônio do Planalto","vermelho","verde","vermelho","vermelho","amarelo","verde","vermelho"
"Santo Expedito do Sul","vermelho","verde","vermelho","vermelho","amarelo","verde","vermelho"
"Sapiranga","vermelho","verde","vermelho","vermelho","vermelho","amarelo","amarelo"
"Sapucaia do Sul","verde","verde","vermelho","vermelho","verde","verde","verde"
"Segredo","vermelho","verde","vermelho","vermelho","verde","verde","amarelo"
"Selbach","vermelho","verde","vermelho","vermelho","vermelho","verde","vermelho"
"Sentinela do Sul","vermelho","verde","vermelho","vermelho","vermelho","verde","amarelo"
"Sertão Santana","vermelho","verde","vermelho","vermelho","verde","verde","amarelo"
"Sertão","vermelho","verde","vermelho","vermelho","vermelho","verde","amarelo"
"Severiano de Almeida","vermelho","verde","vermelho","vermelho","amarelo","verde","vermelho"
"Silveira Martins","vermelho","amarelo","vermelho","vermelho","vermelho","amarelo","vermelho"
"Sobradinho","vermelho","verde","vermelho","vermelho","verde","amarelo","amarelo"
"Soledade","vermelho","verde","vermelho","vermelho","amarelo","verde","vermelho"
"São Domingos do Sul","vermelho","verde","vermelho","vermelho","verde","verde","vermelho"
"São Francisco de Assis","vermelho","verde","vermelho","vermelho","amarelo","verde","amarelo"
"São Jerônimo","vermelho","verde","vermelho","verde","amarelo","amarelo","vermelho"
"São José do Herval","vermelho","verde","vermelho","vermelho","vermelho","verde","verde"
"São José do Hortêncio","vermelho","verde","vermelho","vermelho","amarelo","verde","vermelho"
"São José do Norte","vermelho","verde","vermelho","vermelho","verde","verde","amarelo"
"São José do Ouro","vermelho","verde","vermelho","vermelho","amarelo","amarelo","amarelo"
"São José do Sul","vermelho","verde","vermelho","vermelho","vermelho","vermelho","amarelo"
"São João da Urtiga","vermelho","verde","vermelho","vermelho","amarelo","verde","verde"
"São João do Polêsine","vermelho","verde","vermelho","vermelho","vermelho","amarelo","amarelo"
"São Leopoldo","verde","verde","vermelho","verde","amarelo","verde","vermelho"
"São Lourenço do Sul","vermelho","vermelho","vermelho","vermelho","vermelho","vermelho","vermelho"
"São Martinho da Serra","vermelho","verde","vermelho","vermelho","amarelo","verde","vermelho"
"São Pedro da Serra","vermelho","verde","vermelho","vermelho","vermelho","verde","amarelo"
"São Pedro do Sul","vermelho","verde","vermelho","vermelho","vermelho","amarelo","vermelho"
"São Sebastião do Caí","vermelho","verde","vermelho","verde","verde","verde","vermelho"
"São Sepé","vermelho","verde","vermelho","vermelho","amarelo","verde","amarelo"
"São Vendelino","vermelho","verde","vermelho","vermelho","amarelo","vermelho","amarelo"
"São Vicente do Sul","vermelho","verde","vermelho","vermelho","amarelo","amarelo","amarelo"
"Sério","verde","amarelo","vermelho","vermelho","vermelho","verde","vermelho"
"Tabaí","vermelho","amarelo","vermelho","vermelho","vermelho","verde","vermelho"
"Tapejara","vermelho","verde","vermelho","vermelho","amarelo","verde","vermelho"
"Tapera","vermelho","verde","vermelho","verde","verde","verde","amarelo"
"Tapes","vermelho","verde","vermelho","vermelho","amarelo","verde","amarelo"
"Taquara","verde","verde","vermelho","vermelho","amarelo","vermelho","amarelo"
"Taquari","vermelho","verde","vermelho","vermelho","verde","verde","verde"
"Tavares","vermelho","verde","vermelho","vermelho","vermelho","verde","vermelho"
"Teutônia","vermelho","amarelo","vermelho","vermelho","amarelo","verde","vermelho"
"Tio Hugo","vermelho","verde","vermelho","vermelho","amarelo","verde","vermelho"
"Toropi","vermelho","verde","vermelho","vermelho","vermelho","amarelo","amarelo"
"Travesseiro","vermelho","verde","vermelho","vermelho","vermelho","verde","vermelho"
"Triunfo","vermelho","verde","vermelho","vermelho","vermelho","amarelo","vermelho"
"Três Arroios","vermelho","verde","vermelho","vermelho","verde","verde","vermelho"
"Três Coroas","vermelho","verde","vermelho","vermelho","amarelo","verde","amarelo"
"Tunas","vermelho","verde","vermelho","vermelho","vermelho","verde","amarelo"
"Tupanci do Sul","vermelho","verde","vermelho","vermelho","amarelo","verde","vermelho"
"Tupanciretã","vermelho","verde","vermelho","vermelho","vermelho","amarelo","amarelo"
"Tupandi","vermelho","verde","vermelho","vermelho","vermelho","amarelo","amarelo"
"Turuçu","vermelho","verde","vermelho","vermelho","vermelho","amarelo","amarelo"
"Unistalda","vermelho","verde","vermelho","vermelho","vermelho","verde","amarelo"
"Vale Real","vermelho","verde","vermelho","vermelho","verde","verde","amarelo"
"Vale Verde","vermelho","verde","vermelho","vermelho","vermelho","verde","amarelo"
"Vanini","vermelho","verde","vermelho","vermelho","verde","verde","vermelho"
"Venâncio Aires","vermelho","verde","vermelho","vermelho","verde","verde","amarelo"
"Vera Cruz","vermelho","amarelo","vermelho","vermelho","vermelho","amarelo","verde"
"Vespasiano Corrêa","vermelho","verde","vermelho","vermelho","amarelo","vermelho","vermelho"
"Viadutos","vermelho","vermelho","vermelho","vermelho","vermelho","vermelho","vermelho"
"Viamão","vermelho","amarelo","vermelho","vermelho","verde","verde","vermelho"
"Victor Graeff","vermelho","verde","vermelho","vermelho","verde","verde","amarelo"
"Vila Lângaro","vermelho","verde","vermelho","vermelho","verde","verde","amarelo"
"Vila Maria","vermelho","verde","vermelho","vermelho","amarelo","verde","vermelho"
"Vila Nova do Sul","vermelho","verde","vermelho","vermelho","amarelo","verde","amarelo"
"Westfália","vermelho","verde","vermelho","vermelho","vermelho","verde","vermelho"
"Água Santa","vermelho","verde","vermelho","vermelho","amarelo","verde","verde"
"Áurea","vermelho","verde","vermelho","vermelho","verde","verde","vermelho"
