"municipio","valor","unidade","n_canais_alerta","meios_alerta","evidencia","confianca","erro"
"Agudo","amarelo","semáforo (verde/amarelo/vermelho)","1","rádio (difusão)","Radio Agudo FM 90.1 ... Radio Alternativa FM 104.9","alta",""
"Alto Alegre","vermelho","semáforo (verde/amarelo/vermelho)","0","N/A","Depois da ativação formal o prefeito e/ou o coordenador Municipal de Defesa Civil vão ativar um plano de chamadas, um posto de comando e compilar informações; protocolos internos são acionados conforme nível de ativação (atenção, alerta, alarme, resposta).","media",""
"Alto Feliz","amarelo","semáforo (verde/amarelo/vermelho)","1","rádios","A instalação se dará com a convocação dos responsáveis pelas entidades envolvidas no plano de ação ... podendo ser chamados pelos diversos meios de comunicação como telefones, rádios, e-mails, etc ..","media",""
"Alvorada","verde","semáforo (verde/amarelo/vermelho)","5","carro de som/alto-falante,visitas presenciais dos agentes,página oficial nas redes sociais,rádios (rádios locais / rádio difusão),e-mail","O Acionamento se dará por meio de carro de som e ou visitas dos agentes de Defesa Civil a população, por meio da página oficial da PMA nas redes sociais e através da mídia (Rádios), encaminhado e-mail com os dados do porque está sendo dado o alerta","alta",""
"Amaral Ferrador","vermelho","semáforo (verde/amarelo/vermelho)","0","N/A","N/A","alta",""
"Anta Gorda","vermelho","semáforo (verde/amarelo/vermelho)","0","N/A","Documento PLANO DE CONTINGÊNCIA: não há menção a sirenes, SMS/mensagem em massa, carro de som/alto-falante, aplicativo, rádio ou redes sociais como meios de emissão de alerta à população; contém ações gerais e contatos internos (telefones de coordenadores) apenas.","alta",""
"Arambaré","verde","semáforo (verde/amarelo/vermelho)","4","alto-falantes / carro de som,SMS / mensagem em massa,WhatsApp,redes sociais","o alerta deve possibilitar a divulgação das informações relevantes para a população e autoridades via veículos de alto‑falante, SMS, WhatsApp e redes sociais.","alta",""
"Araricá","vermelho","semáforo (verde/amarelo/vermelho)","0","N/A","O documento não menciona meios de emissão de alerta à população (sirene, SMS, carro de som, aplicativo, rádio ou redes sociais); apresenta contatos internos e responsabilidades, listas de abrigos e recursos, mas sem descrição de canais de difusão de alertas ao público.","alta",""
"Arroio Grande","vermelho","semáforo (verde/amarelo/vermelho)","0","N/A","Documento do PLANO DE CONTINGÊNCIA e páginas associadas listam objetivos, quem aciona o plano, áreas de risco, contatos institucionais e estoque emergencial, sem descrever canais de emissão de alerta à população (sirene, SMS, alto‑falante, aplicativo, rádio ou redes sociais).","alta",""
"Arroio do Meio","amarelo","semáforo (verde/amarelo/vermelho)","2","Boletins (divulgação em meios oficiais — TV, rádio, internet),Voz oficial (Declarações/orientações da Defesa Civil/ Município)","● Boletins atualizados de hora em hora; ● Divulgação do contato oficial da Defesa Civil nos meios oficiais de comunicação; ● Voz oficial Defesa Civil e/ou Município a fim de orientar a comunidade de forma humanizada para além dos boletins; Fontes Abertas – TV, rádio, internet","media",""
"Arroio do Padre","vermelho","semáforo (verde/amarelo/vermelho)","0","N/A","N/A","alta",""
"Arroio dos Ratos","amarelo","semáforo (verde/amarelo/vermelho)","3","rádio (rádios locais / rádio local),megafone/carro de som/alto-falante,telefone/SMS (telefones celulares)","""O alerta é realizado por meio de telefone, e-mail, rádios comunicadores, rádio local, megafone ou presencialmente.""","alta",""
"Arvorezinha","vermelho","semáforo (verde/amarelo/vermelho)","0","N/A","O documento descreve acionamento do plano, listas de responsáveis, abrigos, telefones e recursos (veículos, estoques) mas não menciona sirenes, SMS/mensagem em massa, carro de som/alto‑falante, aplicativo, rádio, redes sociais de difusão ou WhatsApp de difusão para emitir alertas à população.","alta",""
"Barra do Ribeiro","amarelo","semáforo (verde/amarelo/vermelho)","2","Carro de som/alto-falante,Internet (redes sociais / divulgação online)","AVISOS: ""Internet, Carro de som""; ALERTAS: ""Colocaremos carro som e internet.""","alta",""
"Barracão","amarelo","semáforo (verde/amarelo/vermelho)","2","Internet (rádio mencionada separadamente),Rádio","AVISOS Internet, Rádio, Telefone.","alta",""
"Barros Cassal","verde","semáforo (verde/amarelo/vermelho)","4","telefone (alerta por telefone),rádio comunitária / rádios vizinhas,veículos com alto-falante / carro de som,alertas por meio de técnicos/voluntários (comunicação em massa via representantes)","13.3 ALERTA: ...alertas emitidos por técnico(s) da agricultura e voluntários da comunidade por telefone.[ref_id:10] 13.4 ALARME: ...COMPDEC é o executor do alarme e os alertas são feitos por telefone, rádio comunitária e rádios vizinhas.[ref_id:10] 14.3 ...material resources (rádios, telefone, veículos com alto falante, máquinas).[ref_id:8]","alta",""
"Barão de Cotegipe","amarelo","semáforo (verde/amarelo/vermelho)","3","internet,carro de som/alto-falante,rádio","AVISOS — internet, carro speakers, newspapers, radio, church bell, telephone, etc.","media",""
"Barão do Triunfo","verde","semáforo (verde/amarelo/vermelho)","4","canais oficiais da Prefeitura,redes sociais,rádio local / rádio comunitária,carro de som / alto‑falante,sirenes","A comunicação será feita através dos canais oficiais da Prefeitura, redes sociais, rádio local e carro de som. Durante eventos críticos, serão emitidos boletins diários.[ref_id:0][ref_id:1] / Emissão de alertas via rádio, redes sociais e sirenes.[ref_id:0]","alta",""
"Barão","verde","semáforo (verde/amarelo/vermelho)","4","SMS (integração com Defesa Civil RS – envio de SMS),Rádio local,Redes sociais (site e Facebook da Prefeitura / redes sociais de difusão),Sirenes portáteis","● Integração com Defesa Civil RS (40199) – envio de SMS. ● Utilização de rádio local, redes sociais e sirenes portáteis. ● Canal oficial de comunicação: site e Facebook da Prefeitura.","alta",""
"Boa Vista do Cadeado","verde","semáforo (verde/amarelo/vermelho)","4","rádio,jornais locais,carro de som/alto-falante,site e redes sociais do município","MEIOS DE COMUNICAÇÃO: rádio, jornais locais, carro de som, site e redes sociais do município.","alta",""
"Boa Vista do Incra","verde","semáforo (verde/amarelo/vermelho)","7","rádio local,carro de som/alto-falantes em comunidades rurais,grupos de WhatsApp oficiais,SMS/mensagens de texto,site da Prefeitura,redes sociais,rádios comunitárias","""Canais de divulgação: rádio local, carro de som, grupos de WhatsApp oficiais, SMS, site da Prefeitura, redes sociais, rádios comunitárias e alto-falantes em comunidades rurais."" [ref_id:0]","alta",""
"Bom Princípio","amarelo","semáforo (verde/amarelo/vermelho)","1","N/ A (documento não descreve canais explícitos de emissão; há menção geral à Defesa Civil)","N/ A","baixa",""
"Bom Retiro do Sul","verde","semáforo (verde/amarelo/vermelho)","5","Rádio,Carro de som/veículo com sirene,Grupos de WhatsApp (difusão),SMS (avisos via Defesa Civil do Estado),Televisor/TV (divulgação de informações)","Rádio; Carro de som, veiculo com sirene; Criação de grupos de WhatsApp para a divulgação das informações; A maioria dos moradores recebem avisos via SMS oriundos da Defesa Civil do Estado do RS; Computador, Internet, Acesso a sites, Televisor, Rádio (lista de meios para acompanhamento e divulgação de alertas)","alta",""
"Brochier","amarelo","semáforo (verde/amarelo/vermelho)","3","rádio,site da Prefeitura / online,jornais de circulação na região","A comunidade será avisada por meio da rádio, on-line (site da Prefeitura Municipal), sitio eletrônico: www.brochier.rs.gov.br e jornais de circulação na região.","alta",""
"Butiá","amarelo","semáforo (verde/amarelo/vermelho)","1","divulgação em redes sociais (boletins e postagens oficiais)","Será definido pelo Prefeito Municipal um assessor de comunicação bem como os horários em que serão divulgados os boletins de informação à imprensa e divulgação nas redes sociais, quando for necessário.","media",""
"Cacequi","amarelo","semáforo (verde/amarelo/vermelho)","3","rádio,telefonia (telefone),comunicação via rádio (rádio de serviço/rádio institucional)","9.1.3 ""Alerta"" descrevendo quem issues alerts (prefeita or coordenadora), triggers (previsões de chuva intensa), e canais de notificação (telefone, email, radio, in person). [ref_id:9]","media",""
"Cachoeira do Sul","amarelo","semáforo (verde/amarelo/vermelho)","2","divulgação através dos canais disponíveis (assessoria de imprensa / veículos de imprensa),emitir alerta à população através de todos os meios disponíveis (sem detalhar quais)","""1.3 Recebimento de Aviso e Divulgação: Ação de recebimento de avisos e alertas e transmissão através dos canais disponíveis"" [ref_id:5] ""5.4 Emitir alerta a população através de todos os meios disponíveis"" [ref_id:3]","media",""
"Cachoeirinha","amarelo","semáforo (verde/amarelo/vermelho)","1","Grupos de WhatsApp (difusão)","Comunicar COPAE - Grupo Whatsapp"" e ""Comunicar CMU - Grupo Whatsapp""","media",""
"Cacique Doble","amarelo","semáforo (verde/amarelo/vermelho)","2","rádio,site da Prefeitura (online)","A comunidade sera avisada por meio das radios, on-line (site da Prefeitura Municipal) e jornais de circulacao na regiao.[ref_id:6]","alta",""
"Camaquã","vermelho","semáforo (verde/amarelo/vermelho)","0","N/A","N/A","alta",""
"Camargo","amarelo","semáforo (verde/amarelo/vermelho)","1","rádio","ações — clearing drains and roads, emergency shelters, radio alerts","media",""
"Campo Bom","amarelo","semáforo (verde/amarelo/vermelho)","3","rádio,grupos de WhatsApp,site da prefeitura / Instagram (rede social)","O alarme poderá ser determinado pelo coordenador do Comdec... realizado e atualizado por meio de telefone, rádio, grupos de whatsapp, Instagram e site da prefeitura para outros órgãos de resposta e de telefone ou rádio para as comunidades afetadas.","alta",""
"Campos Borges","vermelho","semáforo (verde/amarelo/vermelho)","0","N/A","N/A","alta",""
"Candelária","amarelo","semáforo (verde/amarelo/vermelho)","1","rádio/mídia (veicular ""Informar via mídia"")","Informar via mídia sobre bloqueios e desvios","media",""
"Canguçu","amarelo","semáforo (verde/amarelo/vermelho)","2","Internet (aba na página da prefeitura),Rádio","AVISOS • Canais: Internet, Rádio [ref_id:1][ref_id:7]","alta",""
"Canoas","amarelo","semáforo (verde/amarelo/vermelho)","1","preparar boletins e enviar ao Departamento de Comunicação Social (difusão pública)","prepare official bulletins and send them to the Department of Social Communication; prepare FIDE and opinions in the Integrated Disaster Information System","media",""
"Canudos do Vale","amarelo","semáforo (verde/amarelo/vermelho)","1","redes sociais","""O alarme será emitido, quando os critérios no item 3.5.1 deste Plano forem verificados, por integrantes do Departamento de Defesa Civil e órgão de apoio. Será notificado via redes sociais entre outros."" [ref_id:1]","alta",""
"Capela de Santana","verde","semáforo (verde/amarelo/vermelho)","4","rádio,carro de som/alto-falante,site municipal (divulgação),redes sociais","como a comunidade será avisada (rádio, sound cars, municipal website and social networks).","alta",""
"Capitão","verde","semáforo (verde/amarelo/vermelho)","5","Grupo público da Defesa Civil no WhatsApp (mensagem de difusão),Grupos de alta abrangência (EMATER e agricultura) (WhatsApp/grupos de difusão),Redes sociais oficiais da Prefeitura Municipal (postagem de alertas),Carros de som/alto-falante,Protocolo multicanal coordenado pela COMPDEC (divulgação de alertas via plataformas oficiais e WhatsApp)","Os meios utilizados serão: • Grupo público da Defesa Civil no WhatsApp: (51) 3840-0257; • Grupos de alta abrangência e relevância, como grupos da EMATER e da agricultura, para disseminar informações ... • Redes sociais oficiais da Prefeitura Municipal; • Carros de som, especialmente nas localidades rurais ...; Protocolo de Comunicação com a População: será adotado um protocolo multicanal de comunicação, coordenado pela COMPDEC ... os alertas serão divulgados de forma clara, acessível ... (DOCUMENTO PLACON CAPITÃO)","alta",""
"Capão Bonito do Sul","vermelho","semáforo (verde/amarelo/vermelho)","0","N/A","Documento descreve objetivos, ativação do plano, áreas de risco e ações de resposta (abrigo, alimentação, atendimento médico, distribuição de lona) e lista contatos/telefones de autoridades; não há menção a sirenes, SMS/mensagem em massa, carro de som/alto-falante, aplicativo, rádio ou redes sociais para emissão de alerta à população.","alta",""
"Capão do Cipó","vermelho","semáforo (verde/amarelo/vermelho)","0","N/A","Elaborar Boletins Oficiais (BO) e enviar ao Departamento de Comunicação Social; Difundir, através dos organismos de comunicação, os Boletins Oficiais.","alta",""
"Capão do Leão","amarelo","semáforo (verde/amarelo/vermelho)","1","WhatsApp de difusão","Somente\nWhatsap","alta",""
"Carazinho","verde","semáforo (verde/amarelo/vermelho)","5","Redes sociais oficiais da prefeitura e Defesa Civil,Rádio comunitária e emissoras locais,Carros de som,Aplicativos de alerta da Defesa Civil estadual,Alertas via SMS 40199","Os meios de comunicação utilizados serão: - Redes sociais oficiais da prefeitura e Defesa Civil - Rádio comunitária e emissoras locais - Carros de som - Aplicativos de alerta da Defesa Civil estadual; Monitoramento e Alerta ... - Alertas via SMS 40199","alta",""
"Carlos Gomes","verde","semáforo (verde/amarelo/vermelho)","5","Internet,Telefone,Rádio,Carro de Som/Alto-falante,Sino da Igreja","AVISOS Internet, Telefone, Rádio, Carro de Som, Sino da Igreja.","alta",""
"Casca","amarelo","semáforo (verde/amarelo/vermelho)","3","rádio comunitária / Rádio Seara (difusão),rádio comunicadores,telefone / e-mail (divulgação de alertas)","""Recursos Mínimos Previstos ... • Rádio Comunitária • Rádio Seara"" ; ""O alerta é realizado por meio de telefone, e-mail, rádios comunicadores ou presencialmente"" ; ""Por meio do Departamento de Comunicação, iniciar o trabalho de divulgação de Alertas emitidos pela COMPDEC, confeccionando comunicados para todos os recursos de mídia do município e região""","media",""
"Caseiros","amarelo","semáforo (verde/amarelo/vermelho)","3","Sino da igreja (sistema de alarme sonoro),Internet e redes sociais,Telefone (avisos)","Será utilizado o Sino da Igreja Matriz Nossa Senhora Da Conceição.[ref_id:0] Alertas: Daniel Martini Bozza ( Internet e redes sociais) [ref_id:0] Avisos: Telefone[ref_id:0]","media",""
"Centenário","amarelo","semáforo (verde/amarelo/vermelho)","3","rádio,site/online (website municipal),jornal local","A comunidade será notificada via radio, online (municipal website) and local newspapers.","alta",""
"Cerrito","amarelo","semáforo (verde/amarelo/vermelho)","1","mídia local / ações da mídia (difusão continuada)","Simultaneamente, com o uso de recursos de informação da própria estrutura local de gestão e também com o uso combinado das ações da mídia local, difundir continuadamente as orientações sobre a magnitude do evento, seu agravamento ou não e das ações necessárias para proteção.","media",""
"Cerro Branco","vermelho","semáforo (verde/amarelo/vermelho)","0","N/A","Não há menção a sirenes, SMS/mensagem em massa, carro de som/alto-falante, aplicativo, rádio, redes sociais ou WhatsApp como meios de emissão de alerta à população no documento recuperado.","alta",""
"Cerro Grande do Sul","amarelo","semáforo (verde/amarelo/vermelho)","2","telefonema via Coordenador da Defesa Civil / lideranças comunitárias,publicação no site do município / divulgação nos meios de comunicação locais (Diretoria de Comunicação)","""O alerta poderá ser determinado pelo Coordenador da Defesa Civil, ... será realizado e atualizado por meio de telefone para outros Órgãos de resposta e através das lideranças comunitárias para as comunidades afetadas.""; ""Além dos meios referidos, o alerta será complementado pela Diretoria de Comunicação através de publicação no site do município e divulgação nos meios de comunicação locais.""","alta",""
"Charqueadas","amarelo","semáforo (verde/amarelo/vermelho)","1","sirenes,aplicativos de celular,redes sociais","Implementar sistema de ALERTA, nas Áreas de Risco, através de meios de comunicações e redes sociais (mídia, sirenes, aplicativos de celular, etc), permitindo a mobilização e a remoção dos moradores no caso de risco iminente.","media",""
"Charrua","verde","semáforo (verde/amarelo/vermelho)","4","Internet,Rádio,Sino da Igreja,Telefone (lista de avisos)","Avisos\n\nInternet, Radio, Sino da Igreja, Telefone,","alta",""
"Chuvisca","vermelho","semáforo (verde/amarelo/vermelho)","0","N/A","N/A","alta",""
"Chuí","amarelo","semáforo (verde/amarelo/vermelho)","1","Boletins Oficiais (Departamento de Comunicação Social)","Elaborar Boletins Oficiais e enviar ao Departamento de Comunicação Social;","media",""
"Ciríaco","verde","semáforo (verde/amarelo/vermelho)","4","Internet,Carro de som,Rádio,Sino da igreja","AVISOS lnternet, Carro de som, Radio, Sino da lgreja, Telefone,","alta",""
"Colinas","verde","semáforo (verde/amarelo/vermelho)","6","telefone e aplicativos de mensagens (mensagem em massa/SMS/WhatsApp de difusão),rádios (rádios de Estrela e Lajeado),redes sociais (alimentar redes sociais do município / postagens),sinalização do trânsito (rotas/avisos) - alto-falante/carros de som implícito em comunicações locais,grupo de aplicativo de mensagem (WhatsApp de difusão / grupos),aplicativos de mensagens conforme cota das habitações (aplicativo de celular)","“COMUNICAR a população em área de risco (via telefone e aplicativos de mensagens conforme cota das habitações)” / “COMUNICAR rádios e jornais a respeito de ações tomadas para que possam ser divulgadas a região;” / “Alimentar com informações as redes sociais do município.” / “Sinalização do trânsito, estabelecendo rotas alternativas de acesso e evacuação;” / “COMUNICAR as pessoas voluntárias via grupo de aplicativo de mensagem;”","alta",""
"Colorado","amarelo","semáforo (verde/amarelo/vermelho)","1","Rádio (difusão)","Jornal Digital Colorado em Foco ... Jornal JE Acontece ... Rádio Ibirubá (54) 3324-1758 ou (54) 99608 3496","media",""
"Coqueiro Baixo","amarelo","semáforo (verde/amarelo/vermelho)","2","rádio,site da Prefeitura (on-line)","A comunidade será avisada por meio da rádio, on-line (site da Prefeitura Municipal) e mailto:prefeitura@coqueirobaixo.com.br","alta",""
"Coxilha","verde","semáforo (verde/amarelo/vermelho)","4","rádio,carros de som/alto-falante,site da Prefeitura (on-line),redes sociais do município","A comunidade será avisada por meio de rádio, carros de som, on-line (site da Prefeitura Municipal e redes sociais do município). [ref_id:0]","alta",""
"Cristal","amarelo","semáforo (verde/amarelo/vermelho)","1","alto-falante/carro de som","Na prática do Plano de Contingência, ao identificar os riscos ... deve ser feita a retirada das famílias que estão expostas ao risco, bem como realoca-las em um dos abrigos cadastradas no Plano de Contingência. Ainda no tocante aos alagamentos, ... deve ser feita canalização da sanga ... Com relação ás tempestades, vendavais e fortes quedas de granizo, o Município conta atualmente conta com 500m de lona para minimizar os estragos feitos pelo mau tempo. Também deverá ser feita a remoção destas famílias expostas ao risco e realocadas nos abrigos cadastrados neste Plano com a finalidade de promover a segurança e bem-estar destas pessoas.","media",""
"Cruz Alta","vermelho","semáforo (verde/amarelo/vermelho)","0","N/A","Elaborar Boletins Oficiais e enviar ao Departamento de Comunicação Social; Contatar os órgãos municipais e afins, informando-os da situação e alertando-os sobre uma possível mobilização.","alta",""
"Cruzeiro do Sul","verde","semáforo (verde/amarelo/vermelho)","5","SMS/mensagem em massa,Sirenes,Rádio local,Carro de som/alto-falante,Grupos de WhatsApp / redes sociais","A comunicação de risco precisa considerar pessoas sem acesso à internet ou celular, falta de energia e sinal de rede. Por isso, devem ser usados múltiplos meios de alerta — SMS, sirenes, rádio local, carro de som, comunicação comunitária, assim como considerar grupos vulneráveis""; ""A divulgação dos alertas será em conjunto PREFEITO e COORDENADOR ... divulgadas atravez de rede social oficial , grupo de whattshaps, radios e tambem carros de som""","alta",""
"David Canabarro","vermelho","semáforo (verde/amarelo/vermelho)","0","N/A","Os documentos recuperados (PLANCON e anexos de David Canabarro) descrevem critérios de ativação do plano, ações a serem desenvolvidas e listas de contatos/telefones/e‑mails e equipamentos disponíveis, mas não mencionam meios de emissão de alerta à população como sirenes, SMS/mensagem em massa, carro de som/alto‑falante, aplicativo, rádio ou redes sociais de difusão.","alta",""
"Dilermando de Aguiar","vermelho","semáforo (verde/amarelo/vermelho)","0","N/A","Difundir, através dos mecanismos de comunicação os Boletins Oficiais.[ref_id:3]","media",""
"Dois Irmãos","verde","semáforo (verde/amarelo/vermelho)","5","redes sociais da prefeitura,rádio local,grupos comunitários (WhatsApp de difusão),carros de som/megafones,mensagens emergenciais (SMS/mensagem em massa)","Seção 9 — ALerta: meios de divulgação (redes sociais da prefeitura, rádio local, grupos comunitários, site oficial). Seção 10 — ALARME: activation methods (carros de som, megafones, equipes da Defesa Civil, mensagens emergenciais).","alta",""
"Dois Lajeados","amarelo","semáforo (verde/amarelo/vermelho)","1","rádios comunicadores (como meio de difusão)","Durante o período de atuação, o Gabinete de Crise deverá manter comunicação permanente com as Secretarias Municipais, Departamentos Técnicos e demais órgãos de apoio, por meio de canais oficiais, priorizando o uso de rádios comunicadores, telefones institucionais e sistemas de mensagens autenticadas.","media",""
"Dom Feliciano","vermelho","semáforo (verde/amarelo/vermelho)","0","N/A","Nenhuma seção ou trecho do documento recuperado descreve canais de emissão de alerta à população (sirene, SMS/mensagem em massa, carro de som/alto‑falante, aplicativo, rádio, redes sociais ou WhatsApp de difusão).","alta",""
"Dona Francisca","vermelho","semáforo (verde/amarelo/vermelho)","0","N/A","Não há menção a sirenes, SMS/mensagem em massa, carro de som/alto-falante, aplicativo, rádio, redes sociais ou WhatsApp de difusão como meios de emissão de alerta à população no documento recuperado.","alta",""
"Doutor Ricardo","vermelho","semáforo (verde/amarelo/vermelho)","0","N/A","Informar a população sobre o desastre.","alta",""
"Eldorado do Sul","amarelo","semáforo (verde/amarelo/vermelho)","3","WhatsApp (mensagens para população cadastrada e grupos de difusão),Mídias sociais,Canal 199 (chamados pelos munícipes) — usado para comunicados/monitoramento","“O alerta é realizado por meio de mensagens para população cadastrada no WhatsApp quando o monitoramento acusar altos índices pluviométricos.” [ref_id:0] ""Alertar a população via WhatsApp e mídias sociais sobre previsão de altos volumes pluviométricos; acionar os responsáveis envolvidos no plano de contingência"" [ref_id:4] ""monitoramento dos índices pluviométricos do CEMADEN, previsões pluviométricas ... e chamados pelo canal 199."" [ref_id:4]","alta",""
"Encantado","verde","semáforo (verde/amarelo/vermelho)","6","sirenes,SMS/mensagem em massa,redes sociais,rádio,aplicativo (sistema/app de alerta),carro de som/alto-falante/megafone","A população deve estar atenta aos canais oficiais da Defesa Civil Municipal e Estadual — como sirenes, SMS, redes sociais e rádio — e seguir as orientações divulgadas.[ref_id:0] / Alarme: ... Pode incluir sirenes, apitos, carros de som ou mensagens por celular.[ref_id:1] / Alerta: ... Pode ser transmitido por sistema, aplicativo, redes sociais, e-mail, telefone ou mensagem.[ref_id:2] / A1 – Publicação de informes ... nas redes sociais da Prefeitura e veiculação em rádios locais;[ref_id:3] / Anexo I checklist: Equipamento de som (megafone/sirene).[ref_id:4]","alta",""
"Encruzilhada do Sul","vermelho","semáforo (verde/amarelo/vermelho)","0","N/A","N/A","baixa",""
"Erebango","verde","semáforo (verde/amarelo/vermelho)","4","Rádio,Carro de som/alto-falante,Site (portal do município),Redes sociais do município","Rádio, Jornais locais, carro de som, site e redes sociais do município.","alta",""
"Erechim","vermelho","semáforo (verde/amarelo/vermelho)","0","N/A","N/A","alta",""
"Ernestina","amarelo","semáforo (verde/amarelo/vermelho)","2","rádio,on-line (site da Prefeitura e jornais de circulação na região)","A comunidade será avisada por meio da rádio, on-line (site da Prefeitura Municipal e jornais de circulação na região).","alta",""
"Espumoso","vermelho","semáforo (verde/amarelo/vermelho)","0","N/A","Section 5 (Que ações devem ser desenvolvidas): duas ações listadas: ""Desassoreamento do Arroio Tigreiro"" e ""Elevação de cotas de implantação de obras de arte"".","media",""
"Estação","vermelho","semáforo (verde/amarelo/vermelho)","0","N/A","O Plano de Contingência descreve procedimentos, contatos e responsáveis (telefones e e‑mails) e quem aciona o plano, mas não menciona meios de emissão de alerta à população como sirenes, SMS/mensagem em massa, carro de som/alto‑falante, aplicativo, rádio ou redes sociais.","alta",""
"Esteio","verde","semáforo (verde/amarelo/vermelho)","4","telefone para lideranças comunitárias/órgãos (alerta atualizado por telefone) - USADO COMO ALERTA À COMUNIDADE,site institucional (publicação no site do município),rádios locais (divulgação nas rádios locais),redes sociais (utilizar redes sociais para divulgação)","“o alerta será complementado pela Diretoria de Comunicação através de publicação no site do município e divulgação nas rádios locais.” / “Estabelecer canais de informação com o público, utilizar site institucional, redes sociais, e-mails, entre outros, proporcionando uma divulgação ampliada sobre o desastre.” / “esta notificação será repassada ao Prefeito ... por meio de telefone.”","media",""
"Estrela Velha","vermelho","semáforo (verde/amarelo/vermelho)","0","N/A","Documentos do PLANCON municipal de Estrela Velha apresentam listas de contatos, telefones, e-mails, recursos (veículos, máquinas), áreas de risco, abrigos e ações (ex.: ""Que ações devem ser desenvolvidas"", ""Lista de abrigos"", ""Endereço para contato""), sem menção a canais de emissão de alerta à população como sirenes, SMS/mensagem em massa, carro de som/alto-falante, aplicativo, rádio ou redes sociais de difusão.","alta",""
"Estrela","amarelo","semáforo (verde/amarelo/vermelho)","3","rádios (rádios locais),carro de som/alto-falante","as comunidades em áreas de risco serão avisadas da situação de alerta ou alarme por meio dos órgãos de comunicação (rádios) do município de Estrela e Lajeado, RS, e pelos COMPDEC e NUPDEC com carro de som passando pelas áreas de risco, avisando da situação e os procedimentos que deverão tomar.","alta",""
"Estância Velha","verde","semáforo (verde/amarelo/vermelho)","4","Núcleos Comunitários de Defesa Civil (Nudecs),Rede de Radioamadores,vinculação dos alertas nas redes de comunicação de massa pelo Departamento de Comunicação Social,agentes comunitários de Saúde e de Endemia (difusão/alerta comunitário)","A população será alertada através dos Núcleos Comunitários de Defesa Civil (Nudecs), da Rede de Radioamadores, dos agentes comunitários de Saúde e de Endemia, além da vinculação dos alertas nas redes de comunicação de massa existentes no município pelo Departamento de Comunicação Social.","media",""
"Faxinal do Soturno","verde","semáforo (verde/amarelo/vermelho)","4","Rádio (Rádio São Roque e La Sorella),Assessoria de imprensa / imprensa local,Campanhas educativas / divulgação (impressa/assessoria),Combate a desinformação via canais de comunicação (rádio/assessoria)","As rádios São Roque e La Sorella são canais essenciais para informar a população de maneira rápida e eficaz""; ""A Defesa Civil deve acionar a imprensa local, incluindo as rádios São Roque e La Sorella, sempre que for necessário comunicar à população""; ""A assessoria de imprensa do município... Alertas Preventivos... Emergências e Desastres Naturais...""","media",""
"Fazenda Vilanova","vermelho","semáforo (verde/amarelo/vermelho)","0","N/A","Não há menção a sirenes, SMS/mensagem em massa, carro de som/alto-falante, aplicativo, rádio ou redes sociais como meios de alerta à população no documento apresentado.","alta",""
"Feliz","verde","semáforo (verde/amarelo/vermelho)","4","carro de som/alto-falante,agentes da Defesa Civil visitando pessoalmente (comunicação direta ao público),redes sociais do município,mídia (notificações via e-mail para veículos/instituições)","""os alertas serão feitos por carro de som ou por agentes da Defesa Civil visitando as pessoas afetadas; notificações à mídia via e‑mail ou visitas presenciais às instituições e via as redes sociais do município.""","alta",""
"Floriano Peixoto","verde","semáforo (verde/amarelo/vermelho)","4","Internet,Carro de som,Rádio,Sino da Igreja","AVISOS \n\nInternet, Carro de som, Radio, Sino da Igreja,","alta",""
"Fontoura Xavier","verde","semáforo (verde/amarelo/vermelho)","4","internet (site),redes sociais,rádio local,carro de som/alto-falante","""O serviço de alerta da Defesa Civil via internet, rádio local, telefone, carro de som, permite o acesso rápido as informações"" [ref_id:0] ; ""A Prefeitura Municipal de Fontoura Xavier por meio do site https://fontouraxavier.rs.gov.br/ e redes sociais deverá fornecer informações atualizadas aos cidadãos"" [ref_id:2]","alta",""
"Formigueiro","vermelho","semáforo (verde/amarelo/vermelho)","0","N/A","Nenhuma das páginas recuperadas descreve canais de emissão de alerta à população (sirenes, SMS/mensagem em massa, carro de som/alto-falante, aplicativo, rádio, redes sociais). As páginas trazem objetivos do plano, quem aciona, áreas de risco e quadro de contatos/secretarias, mas não mencionam meios de difusão pública de alertas.","alta",""
"Forquetinha","amarelo","semáforo (verde/amarelo/vermelho)","3","Redes sociais/site da Prefeitura (difusão de campanhas e boletins),Sirene de alerta,Internet (servidor central / gerador de internet via satélite) - possibilita difusão online","“divulgar, por meio das redes sociais e site da Prefeitura Municipal, campanhas de orientação ... além de difundir, através dos organismos de comunicação, os Boletins Oficiais”; “Sirene de Alerta”; “Internet via Satelite- Servidor Internet Central”","media",""
"Fortaleza dos Valos","vermelho","semáforo (verde/amarelo/vermelho)","0","N/A","N/A","alta",""
"Gaurama","amarelo","semáforo (verde/amarelo/vermelho)","3","rádios locais,site institucional da Prefeitura Municipal de Gaurama,jornais de circulação regional","A população será informada através dos meios oficiais de comunicação, como rádios locais, site institucional da Prefeitura Municipal de Gaurama e jornais de circulação regional.","alta",""
"Gentil","vermelho","semáforo (verde/amarelo/vermelho)","0","N/A","O Plano descreve procedimentos de monitoramento, alerta, alarme e resposta e lista contatos (telefones, e-mails) e ações internas (elaborar Boletins Oficiais, enviar ao Departamento de Comunicação Social, contatar gerenciadores de abrigos, acionar órgãos como Corpo de Bombeiros, SAMU, Brigada Militar), sem mencionar meios de emissão de alerta à população como sirenes, SMS/mensagem em massa, carro de som/alto-falante, aplicativo, rádio de difusão ou redes sociais de difusão.","alta",""
"Getúlio Vargas","amarelo","semáforo (verde/amarelo/vermelho)","1","Alerta e alarme (brigada/cap. Airton) — não especifica meio público como sirene/SMS/rádio","5.2 Alerta e alarme Cap. Airton Brigada","baixa",""
"Glorinha","amarelo","semáforo (verde/amarelo/vermelho)","3","assessoria de imprensa / imprensa municipal (divulgação),boletins informativos (veiculação por meios de comunicação),comunicação externa para a população geral / divulgação pelos meios disponíveis","“Divulgação de boletins com informações sobre o evento, ações preventivas e de preparação.” [ref_id:4][ref_id:6] ""Emitir alerta a população através de todos os meios de comunicação disponíveis."" [ref_id:5][ref_id:6] ""Comunicação interna (Imprensa Municipal). 2) Atendimento emergencial à população atingida. 3) Instalação do Gabinete de Gestão de Crise."" (indica uso da Imprensa Municipal para divulgação) [ref_id:12]","media",""
"Gramado Xavier","amarelo","semáforo (verde/amarelo/vermelho)","3","rádio,site da Prefeitura (on-line),jornais de circulação na região","A comunidade será avisada por meio da rádio, on-line (site da Prefeitura Municipal) e jornais de circulação na região.","alta",""
"Gravataí","verde","semáforo (verde/amarelo/vermelho)","5","aplicativo do WhatsApp,redes sociais,e-mail,telefone,site da prefeitura","""monitoramento ... é realizado pela equipe da Coordenadoria Municipal de Proteção e Defesa Civil, de avisos pelo aplicativo do WhatsApp e redes sociais""; ""É disponibilizado através de redes sociais, e-mail, telefone e site da prefeitura de Gravataí.""","alta",""
"Guaíba","amarelo","semáforo (verde/amarelo/vermelho)","2","rádios (rádios comunicadores / rádios locais),telefone (incluído como meio de ALERTA segundo o documento)","""O Alerta é realizado por meio de telefone, e-mail, rádios Comunicadores ou presencialmente.""","alta",""
"Harmonia","amarelo","semáforo (verde/amarelo/vermelho)","1","WhatsApp (envio do nível de alerta)","o Coordenador de Proteção e Defesa Civil emitirá por meio do WhatsApp o nível de alerta do evento à Coordenadoria de Proteção e Defesa Civil.","alta",""
"Herval","vermelho","semáforo (verde/amarelo/vermelho)","0","N/A","O documento lista ações como ""5.1 Acionamento dos envolvidos"" e contém contatos/telefones de responsáveis, além de tabelas de recursos e estoques, sem mencionar canais de emissão de alerta à população (sirene, SMS, alto-falante, aplicativo, rádio ou redes sociais).","alta",""
"Herveiras","verde","semáforo (verde/amarelo/vermelho)","6","rádio (rádios regionais / rádios locais),carros de som / alto-falantes,redes sociais,WhatsApp (grupos/WhatsApp),boletins informativos / divulgação de boletins,lideranças comunitárias / igrejas / escolas (como canais de difusão)","“Garantir acesso à informação para comunidades isoladas por meio de rádios regionais, carros de som ou contatos via ACS.” [ref_id:0] “Utilizar canais de comunicação já ativados: redes sociais, rádios locais, WhatsApp, carros de som.” [ref_id:3] “Utilizar rádios regionais, grupos de WhatsApp, redes sociais e carros de som como principais canais de comunicação.” [ref_id:6] “Divulgar boletins frequentes com informações atualizadas...” [ref_id:0] “Utilizar todos os meios disponíveis (rádio, carros de som, redes sociais, líderes comunitários, igrejas, escolas) para manter a população informada...” [ref_id:4]","alta",""
"Ibarama","vermelho","semáforo (verde/amarelo/vermelho)","0","N/A","O documento lista contatos de responsáveis, telefones, recursos e ações (ex.: distribuição de água, abrigos, limpeza de leitos) e menciona acionadores/coordenação do plano, mas não descreve meios de emissão de alerta à população como sirenes, SMS, alto‑falantes, aplicativo, rádio ou redes sociais.","alta",""
"Ibiaçá","verde","semáforo (verde/amarelo/vermelho)","4","rádio (difusão),carro de som/alto-falante,site municipal,redes sociais","""a comunidade será avisada por rádio, carros de som, site municipal e redes sociais."" [ref_id:0]","alta",""
"Ibiraiaras","amarelo","semáforo (verde/amarelo/vermelho)","2","Rádio local (Radio Nativa FM),Mídias locais/veículos de comunicação (campanhas em meios locais — ""mídia local""/materiais impressos)","5.1 Prevenção/Monitoramento/Observação: ... campanhas de informação e sensibilização da população por meio da mídia local e materiais impressos.[ref_id:7] / RESUMO DOS RECURSOS: ... Rádio local (Radio Nativa FM).[ref_id:8]","media",""
"Ibirapuitã","amarelo","semáforo (verde/amarelo/vermelho)","3","rádio,redes sociais,alto-falantes","• Sistemas de alerta via rádio, redes sociais e alto-falantes [ref_id:0]","alta",""
"Ibirubá","vermelho","semáforo (verde/amarelo/vermelho)","0","N/A","Documento PLANO DE CONTINGÊNCIA (Município de IBIRUBÁ / RS, JULHO / 2023) — páginas recuperadas descrevem objetivos, quem aciona, áreas de risco e ações (evacuação, apoio, mobilização), sem menção a sirenes, SMS, carro de som, aplicativo, rádio ou redes sociais como meios de emissão de alerta à população.","alta",""
"Igrejinha","verde","semáforo (verde/amarelo/vermelho)","5","mídias sociais (Instagram, Facebook),rádios (rádio local / Rádio Amizade FM 98.7),telefone (ligações/telefones para população),visitas presenciais (agentes de Defesa Civil e bombeiros à população),grupo/WhatsApp de difusão (ex.: grupo “DEFESA CIVIL IGREJINHA - FRENTE DE AÇÃO”)","O Alerta é realizado por meio das mídias sociais do Município de Igrejinha e Defesa Civil, telefone, rádios ou presencialmente.[ref_id:0][ref_id:3][ref_id:11]","alta",""
"Ilópolis","vermelho","semáforo (verde/amarelo/vermelho)","0","N/A","Documento descreve responsáveis, contatos (telefone, WhatsApp, e‑mail) e ações de comando/coordenação, mas não menciona sirenes, SMS/mensagem em massa, carro de som/alto‑falante, aplicativo, rádio ou redes sociais como canais de emissão de alerta à população.","alta",""
"Imigrante","vermelho","semáforo (verde/amarelo/vermelho)","0","N/A","Rua Castelo Branco, 15, Centro - Imigrante/RS – CEP: 95885-000 – Fone (51) 3754-1100 www.imigrante-rs.com.br E-mail: defesacivil@imigrante-rs.com.br WhatsApp: (51) 98183-1176","alta",""
"Ipiranga do Sul","amarelo","semáforo (verde/amarelo/vermelho)","3","rádio,site municipal,jornais (impressos/local)","a comunidade será notificada por rádio, site municipal e jornais","alta",""
"Itaara","vermelho","semáforo (verde/amarelo/vermelho)","0","N/A","Não há menção a sirenes, SMS/mensagem em massa, carro de som/alto‑falante, aplicativo, rádio, redes sociais ou WhatsApp de difusão no documento do Plano de Contingência do Município de Itaara (páginas analisadas).","alta",""
"Itapuca","amarelo","semáforo (verde/amarelo/vermelho)","3","rádio,site municipal (website),redes sociais","o documento indica ""comunicação pública (rádio, site municipal, redes sociais, jornais)"" como canais de comunicação para o plano de contingência","alta",""
"Ivorá","vermelho","semáforo (verde/amarelo/vermelho)","0","N/A","O documento lista contatos/telefones/e-mails de autoridades e ações internas (ex.: ""5.1 Acionar Equipe da COMPDEC"", tabelas de contatos do Coordenador Municipal de Defesa Civil, Prefeito Municipal), mas não descreve canais de emissão de alerta à população como sirenes, SMS, carro de som, aplicativo, rádio ou redes sociais.","alta",""
"Ivoti","amarelo","semáforo (verde/amarelo/vermelho)","1","Plantão/WhatsApp (telefone de plantão divulgado)","Plantão: (51) 3563-6788 (WhatsApp) DE IVOTI","media",""
"Jacuizinho","vermelho","semáforo (verde/amarelo/vermelho)","0","N/A","O documento lista ações, responsáveis e contatos (telefones/e-mails) e recursos, mas não descreve canais de emissão de alerta à população como sirenes, SMS, carro de som, aplicativo, rádio ou redes sociais.","alta",""
"Jaguari","vermelho","semáforo (verde/amarelo/vermelho)","0","N/A","os aspectos relacionados ao monitoramento,alerta,alarme e resposta,incluindo as ações de socorro,ajuda humanitária e reabilitação de cenários, a fim de reduzir os danos e prejuízos decorrentes.","alta",""
"Jaguarão","verde","semáforo (verde/amarelo/vermelho)","4","carro de som/alto-falante,visitas presenciais dos agentes da Defesa Civil,rádios,redes sociais","O acionamento se dará por meio de carro de som e visitas dos Agentes da Defesa Civil a população, e através da mídia (redes sociais e rádios)","alta",""
"Jari","amarelo","semáforo (verde/amarelo/vermelho)","1","Rádio (rádios locais para divulgação)","O Município de Jari/RS não possui emissora de rádio para divulgação de eventos, sendo as informações transmitidas nas seguintes rádios locais: Rádio Jaguari LTDA - 100.1 FM - Jaguari/RS Rádio Municipal São Pedrense - 900 AM - São Pedro do Sul/RS","alta",""
"Júlio de Castilhos","amarelo","semáforo (verde/amarelo/vermelho)","1","Rádio (Rádio 14 de Julho FM 107,7)","Rádio 14 de Julho FM 107,7 — Av. Assis Brasil, 263; phone: (55) 3271-1414.","media",""
"Lagoa Bonita do Sul","vermelho","semáforo (verde/amarelo/vermelho)","0","N/A","Documento PLANO DE CONTINGÊNCIA e ficha municipal descrevem objetivos, quem aciona o plano, áreas de risco e contatos cadastrais, sem mencionar sirenes, SMS/mensagem em massa, carro de som/alto‑falante, aplicativo, rádio ou redes sociais como canais de emissão de alerta à população.","alta",""
"Lagoa Vermelha","verde","semáforo (verde/amarelo/vermelho)","5","Internet,Carro de som/alto-falante,Jornais,Rádio,Redes sociais","""AVISOS \n\nInternet, Carro de som, Jornais e radio""; ""O alarme será disparado através de carro de som da DC, pelo rádio e pelas redes sociais"" [ref_id:0][ref_id:0]","alta",""
"Lagoa dos Três Cantos","verde","semáforo (verde/amarelo/vermelho)","5","Internet,carro de som/alto-falante,rádio,sino da igreja,telefone","AVISOS: listas comunicação means (Internet, carro de som, rádio, sino da igreja, telefone).","alta",""
"Lagoão","amarelo","semáforo (verde/amarelo/vermelho)","2","rádio,on-line (site da Prefeitura) / jornais de circulação na região","A comunidade será avisada por meio da rádio, on-line (site da Prefeitura Municipal) e jornais de circulação na região.","alta",""
"Lajeado","verde","semáforo (verde/amarelo/vermelho)","6","Sirenes,Rádio,Veículo de propaganda / carro de som / alto-falante,Redes sociais (perfis oficiais da Prefeitura),Grupos de WhatsApp (divulgação com imprensa e órgãos),Mídia impressa/jornais (meios de comunicação locais)","“●​ Acionar as sirenes, quando necessários;”[ref_id:0] “- Rádio e Jornal – Meios de comunicação locais (Contatos vide anexo 8)”[ref_id:1] “- Veículos de Propaganda (Departamento de Comunicação Social);”[ref_id:1] “- Grupos de WhatsApp- Foi criado também um grupo de WhatsApp com os a imprensa e órgãos da prefeitura para divulgação das informações uniformes (Imprensa - Lajeado)”[ref_id:1] “●​ Atualizar constantemente os perfis oficiais da Prefeitura com informações relevantes;”[ref_id:4] ""da Defesa Civil, providenciar veículo de som para comunicação junto às áreas atingidas.""[ref_id:13]","alta",""
"Lindolfo Collor","vermelho","semáforo (verde/amarelo/vermelho)","0","N/A","O documento apresenta procedimentos, cenários, lista de contatos e atribuições, porém não descreve canais de emissão de alerta à população como sirenes, SMS/mensagem em massa, carro de som/alto-falante, aplicativo, rádio ou redes sociais de difusão.","alta",""
"Linha Nova","verde","semáforo (verde/amarelo/vermelho)","4","sirene(s),rádio,redes sociais,carros de som/alto-falante","Alerta à população via sirenes, rádio, redes sociais e carros de som.","alta",""
"Machadinho","verde","semáforo (verde/amarelo/vermelho)","5","sirenes/alertas sonoros,carro de som/alto-falante,rádio,internet/redes sociais,mensagem em massa/SMS","""já instalou alertas sonoros""[ref_id:0]""Internet, Carro de som, Jornais, Radio, Telefone""[ref_id:1]""Em situação de emergência, será implementada uma comunicação imediata ... por meio de todos os canais de comunicação disponíveis.""[ref_id:1]","alta",""
"Maratá","amarelo","semáforo (verde/amarelo/vermelho)","1","câmeras que emitem alertas sonoros (sirene/alto-falante)","instalação de câmeras que emitem sound alerts to monitor arroio water levels (mentions Arroio Maratá and the locality Esperança).","media",""
"Marau","verde","semáforo (verde/amarelo/vermelho)","5","Internet,Carro de som/alto-falante,Rádio,APP (aplicativo de celular),Jornais / imprensa / todos os meios de comunicação possíveis","AVISOS \n\nInternet, Carro de som, Radio, APP e jornais \n\nALERTAS \n\nResponsável: \n\nImprensa do \n\nMunicípio \n\nTelefone/Celul\nar: (54) 3342-\n\n9500 Alerta: \n\nSerá divulgado por todos os meios de comunicação possíveis.","alta",""
"Marcelino Ramos","verde","semáforo (verde/amarelo/vermelho)","5","site oficial,mídias sociais,grupos de aplicativo de mensagem de texto via celular (WhatsApp/semelhantes),mensagens de texto / transmissão via celular (Defesa Civil Alerta / CEMADEN/INMET),alerta sonoro via celular (sinal sonoro contínuo mesmo em modo silencioso)","O município ... comunica a população local por meio do seu site oficial e das mídias sociais, dispõe de grupos de aplicativo de mensagem de texto via celular... Esses alertas são enviados por meio de diferentes canais, como mensagens de texto, aplicativos móveis e redes sociais... alerta sonoro via celular, que foi implementado... esse recurso emite um sinal sonoro contínuo nos celulares...","alta",""
"Mariana Pimentel","vermelho","semáforo (verde/amarelo/vermelho)","0","N/A","Documento PLANCON do Município de Mariana Pimentel não menciona canais de emissão de alerta à população (sirene, SMS/mensagem em massa, alto-falante/carro de som, aplicativo, rádio, redes sociais) nos trechos disponibilizados.","alta",""
"Marques de Souza","amarelo","semáforo (verde/amarelo/vermelho)","3","rádio (comunitária/local),redes sociais,postagem/boletins via comunicação municipal (divulgação em redes e rádio)","""a comunicação ficará a cargo do setor de comunicações para monitorar e coordenar as mensagens com o prefeito e rádio local e redes sociais""","alta",""
"Mata","amarelo","semáforo (verde/amarelo/vermelho)","2","telefone (institucional para contato),e-mail (institucional para contato)","Telefone 55-3259.1122 [e outros números] e E-mail chefegabinete@mata.rs.gov.br e planejamento@mata.rs.gov.br","media",""
"Mato Castelhano","verde","semáforo (verde/amarelo/vermelho)","4","rádio,carros de som/alto-falante,site oficial (website),redes sociais da Prefeitura","""4. comunicação à População: será realizada üa rádio, carros de som, site oficial e redes sociais da Prefeitura."" [ref_id:0]","alta",""
"Mato Leitão","amarelo","semáforo (verde/amarelo/vermelho)","3","rádio,site da Prefeitura Municipal,redes sociais","""A população será avisada por meio da radio, Site da Prefeitura Municipal , redes Sociais e jornais."" [ref_id:0]","alta",""
"Maximiliano de Almeida","verde","semáforo (verde/amarelo/vermelho)","5","Sirenes,Carro de som/alto-falante,Rádio,Jornais,Redes sociais / todos os canais de comunicação disponíveis","Orientações à população após o acionamento de sirenes: ...; Avisos: Internet, Carro de som, Jornais, Radio, Telefone; Em situações de emergência, será implementada uma comunicação imediata e transparente com os residentes por meio de todos os canais de comunicação disponíveis.","media",""
"Minas do Leão","vermelho","semáforo (verde/amarelo/vermelho)","0","N/A","N/A","alta",""
"Montenegro","amarelo","semáforo (verde/amarelo/vermelho)","3","mídia (Rádios),televisão,mídias sociais","O Acionamento se dará por através da mídia (Rádios, televisão e mídias sociais), encaminhando os dados do porque estão sendo dado o alerta.[ref_id:1]","alta",""
"Mormaço","vermelho","semáforo (verde/amarelo/vermelho)","0","N/A","O documento descreve ações, cenários, lista de contatos e recursos, mas não menciona canais de emissão de alerta à população como sirenes, SMS/mensagem em massa, carro de som/alto-falante, aplicativo, rádio ou redes sociais de difusão.","alta",""
"Morro Redondo","vermelho","semáforo (verde/amarelo/vermelho)","0","N/A","N/A","alta",""
"Morro Reuter","vermelho","semáforo (verde/amarelo/vermelho)","0","N/A","O documento descreve contatos institucionais (telefones, e-mails) e procedimentos de acionamento interno, mas não menciona meios de emissão de alerta à população como sirenes, SMS/mensagem em massa, alto-falantes/carro de som, aplicativo, rádio ou redes sociais de difusão.","alta",""
"Muliterno","vermelho","semáforo (verde/amarelo/vermelho)","0","N/A","N/A","alta",""
"Nicolau Vergueiro","amarelo","semáforo (verde/amarelo/vermelho)","3","rádio,site/online (site municipal),jornal local (imprensa local)","A comunidade será notificada por radio, online (municipal website) and local newspapers.[ref_id:1]","alta",""
"Nova Alvorada","verde","semáforo (verde/amarelo/vermelho)","4","Internet (site do município),Rádio comunitária,Redes sociais,Jornais/Radio (meios de comunicação) / Avisos pelos meios de comunicação","Alarme: Alarmes através da rádio comunitária, redes sociais e site do município.[ref_id:0] / AVISOS Internet, Jornais, Radio, Telefone,[ref_id:0] / Alerta: Avisos pelos meios de comunicação sobre os alertas.[ref_id:0]","media",""
"Nova Bréscia","vermelho","semáforo (verde/amarelo/vermelho)","0","N/A","5.1 Alerta Coordenador Municipal Defesa Civil (51) 98146.9178","alta",""
"Nova Esperança do Sul","vermelho","semáforo (verde/amarelo/vermelho)","0","N/A","No documento recuperado há listagem explícita de canais de emissão de alerta à população (sirene, SMS, carro de som, aplicativo, rádio, redes sociais). Aparecem apenas itens gerais como ""5.1 Emitir Alertas e Alarme"" e tabelas de contatos/responsáveis e lista de abrigos, sem detalhar meios de difusão pública específicos.","alta",""
"Nova Hartz","vermelho","semáforo (verde/amarelo/vermelho)","0","N/A","N/A","alta",""
"Nova Palma","amarelo","semáforo (verde/amarelo/vermelho)","2","rádio (difusão / Rádio Comunitária 105.9 FM),redes sociais (publicação / divulgação em mídias sociais)","lista descreve entre as ações: ""publicizar informação do incidente"" e ""transmissão de informação via rádio e redes sociais""; ANEXO IV lista ""Rádio Comunitária (105.9 FM)"" como recurso disponível","alta",""
"Nova Santa Rita","amarelo","semáforo (verde/amarelo/vermelho)","2","rádio/mídia (rádios),telefone (aviso telefônico) / visita presencial","descrbe meios de aviso (telefone, mídia/rádios, e-mail, visita presencial) e que o acionamento também será enviado à CrepdecMetrop","media",""
"Novo Cabrais","vermelho","semáforo (verde/amarelo/vermelho)","0","N/A","Elaborar boletins oficiais e encaminhar a Assessoria de imprensa; Manter plantão permanente ( celular); Contatar os órgãos oficiais e afins, informando-os da situação e alertando sobre uma possível mobilização; Elaborar a documentação no Sistema Integrado de Informação de Desastres","alta",""
"Novo Hamburgo","verde","semáforo (verde/amarelo/vermelho)","4","carro de som/alto-falante,rádio (mídia/Rádios),visitas/ações presenciais de agentes (como instalação de alarme via abordagem direta),telefone / e-mail / rádios comunicadores usados para alertar equipes e via mídia (citados como meios de alerta)","""O Alerta é realizado por meio de telefone, e-mail, rádios comunicadores ou presencialmente."" ""O Acionamento se dará por meio de carro de som e visitas dos agentes de Defesa Civil à população, e através da mídia (Rádios), encaminhado e-mail com os dados do porque está sendo dado o alerta, por telefone ou rádios comunicadores.""","media",""
"Não-Me-Toque","amarelo","semáforo (verde/amarelo/vermelho)","3","Rádio (Nova Ceres AM / ondas do rádio),Sinos da igreja,Telefone (para avisos) / Telefone/Celular (como meio de aviso)","""A estação de rádio local (Nova Ceres AM), tem muito boa audiência; além disso existem grupos de whatsapp bem organizados que podem contribuir em muito para o Alerta da Defesa Civil."" / ""AVISOS: Radio, Sino da Igreja, Telefone""","alta",""
"Paim Filho","amarelo","semáforo (verde/amarelo/vermelho)","1","Rádio comunitária (Paim FM 104.9)","Radio Comunitária Paim FM 104.9 Av. Vigaário João Crisóstomo, Centro – Paim Filho (54) 3083-5039","alta",""
"Pantano Grande","amarelo","semáforo (verde/amarelo/vermelho)","1","acionamento do plano de chamada (alerta/convocação)","5.2 Acionamento do plano de chamada (activate call/alert plan)","media",""
"Paraíso do Sul","vermelho","semáforo (verde/amarelo/vermelho)","0","N/A","O documento descreve procedimentos de convocação, plantão (celular/rádio) e elaboração de boletins oficiais e envio ao departamento de comunicação, mas não menciona canais de emissão de alerta à população como sirenes, SMS/mensagem em massa, carro de som/alto-falante, aplicativo, rádio de difusão ou redes sociais de difusão.","media",""
"Pareci Novo","vermelho","semáforo (verde/amarelo/vermelho)","0","N/A","Não há menção a meios de emissão de alerta à população (sirene, SMS/mensagem em massa, carro de som/alto-falante, aplicativo, rádio, redes sociais) nas páginas recuperadas do Plano de Contingência do Município de Pareci Novo (capa; objetivos; ativação do plano; áreas de risco).","media",""
"Parobé","amarelo","semáforo (verde/amarelo/vermelho)","2","sirene,e-mail institucional (defesacivil@parobe.rs.gov.br)","Eventos Adversos Mais Comuns: I. Enchente II. Inundação III. tempestade ... E-mail defesacivil@parobe.rs.gov.br","baixa",""
"Passa Sete","vermelho","semáforo (verde/amarelo/vermelho)","0","N/A","Documentos do Plano de Contingência e resumos municipais apresentam contatos, recursos e responsabilidades, mas não descrevem canais de emissão de alerta à população como sirenes, SMS, alto‑falantes, aplicativo, rádio ou redes sociais.","alta",""
"Passo Fundo","amarelo","semáforo (verde/amarelo/vermelho)","3","Internet,Carro de som,Radio","AVISOS Internet, Carro de som, Radio,","alta",""
"Passo do Sobrado","vermelho","semáforo (verde/amarelo/vermelho)","0","N/A","Documentos consultados (Plano de Contingência e formulários municipais) listam responsáveis, contatos, abrigos, recursos e ações a serem desenvolvidas (ex.: ""Quem aciona o plano"", ""Ações desenvolvidas"", listas de telefones, lista de abrigos, resumo dos recursos""), mas não descrevem canais de emissão de alerta à população como sirenes, SMS/mensagem em massa, carro de som/alto-falante, aplicativo, rádio ou redes sociais de difusão.","alta",""
"Paverama","amarelo","semáforo (verde/amarelo/vermelho)","2","canais digitais da Prefeitura (site institucional),redes sociais oficiais","A população será oficialmente comunicada por meio dos canais digitais da Prefeitura Municipal (site institucional e redes sociais oficiais) e de veículos de imprensa regional de circulação","alta",""
"Pedras Altas","verde","semáforo (verde/amarelo/vermelho)","4","carro de som/alto-falante,contato telefônico (para órgãos) - EXCLUIR (não contado),rádio (rádios locais listadas: Rádio Nativa FM, Rádio DELTA, Rádio Herval FM),WhatsApp/waspt com as comunidades,site (pedrasaltas.rs.com.br) / comunicação social","""o sistema de alerta será acionado... via carro de som para as comunidades em áreas de risco.""; ""Canais de comunicação. Radio Nativa FM (53) 32571204 Radio DELTA (53) 32425471 Radio Herval FM (53) 999633226""; ""contato telefônico waspt com as comunidades""; ""site: pedrasaltas.rs.com.br""","media",""
"Pedro Osório","vermelho","semáforo (verde/amarelo/vermelho)","0","N/A","O documento lista ações como ""5.2 Alerta"" e contém contatos/telefones de responsáveis, mas não descreve canais de emissão à população (ex.: sirenes, SMS, alto‑falante, aplicativo, rádio, redes sociais).","alta",""
"Pelotas","amarelo","semáforo (verde/amarelo/vermelho)","1","Assessoria Especial de Comunicação / divulgação à imprensa (bulletins oficiais)","Assessoria Especial de Comunicação: publicize the situation in official bulletins and to media.[ref_id:16]","media",""
"Pinhal Grande","vermelho","semáforo (verde/amarelo/vermelho)","0","N/A","N/A","alta",""
"Pinheiro Machado","vermelho","semáforo (verde/amarelo/vermelho)","0","N/A","Documentos pesquisados incluem identificação de contatos, recurso de veículos, estoques e responsáveis, mas não descrevem canais de emissão de alerta à população como sirenes, SMS massivo, carro de som/alto-falante, aplicativo, rádio ou redes sociais de difusão.","alta",""
"Piratini","vermelho","semáforo (verde/amarelo/vermelho)","0","N/A","Documentos recuperados contêm listas de ações, responsáveis e telefones/contatos para órgãos e abrigo, critérios de acionamento e riscos, mas não descrevem canais de emissão de alerta à população (sirene, SMS em massa, carro de som/alto‑falante, aplicativo, rádio ou redes sociais).","media",""
"Porto Alegre","verde","semáforo (verde/amarelo/vermelho)","6","sirenes,aplicativos de celular,mídia (rádio/imprensa),redes sociais,SMS/mensagem em massa,alto-falantes/carro de som","Implementar sistema de ALERTA através de meios de comunicações e redes sociais (mídia, sirenes, aplicativos de celular, etc), permitindo a mobilização e ações de autoproteção da população (2025);","alta",""
"Portão","verde","semáforo (verde/amarelo/vermelho)","5","Grupos de WhatsApp do bairro (mensagem de emergência),Redes sociais oficiais da Prefeitura,Rádios locais,Carro de som/megafones (equipes com carros de som e megafones),Visitas/percorrida de equipes da Defesa Civil em áreas críticas (alto-falante/megafone)","""7.1.3.1. Grupos de WhatsApp do bairro;"" ""7.1.3.2. Redes sociais oficiais da Prefeitura;"" ""7.1.3.3. Rádios locais;"" ""8.1.4.1. Carro de som circulando pelas ruas do bairro;"" ""8.1.4.2. Equipes da Defesa Civil com megafones;"" ""3. Ao atingir a cota 26,70 metros... 3. Equipes com carros de som e megafones são enviadas para as áreas afetadas. 4. Mensagens de emergência são enviadas pelos grupos de WhatsApp.""","alta",""
"Pouso Novo","verde","semáforo (verde/amarelo/vermelho)","4","Mensagem via WhatsApp (difusão),Postagem na página do Instagram (redes sociais),Comunicado pela rádio do município (rádio),sistema de alarme e alerta (implícito: alarme/sirene/alto-falante)","Indicação do mecanismo de mobilização da comunidade ( sistema de alarme e alerta) Meio utilizado: Mensagem via WhatsApp; Postagem na página do Instagram; Comunicado pela rádio do município","alta",""
"Poço das Antas","amarelo","semáforo (verde/amarelo/vermelho)","1","redes sociais (e site)","a coordenação de comunicação deve informar a população por redes sociais e site;""","alta",""
"Presidente Lucena","vermelho","semáforo (verde/amarelo/vermelho)","0","N/A","Não há menção a sirenes, SMS/mensagem em massa, carro de som/alto‑falante, aplicativo, rádio, redes sociais ou WhatsApp de difusão para emissão de alerta à população nas páginas recuperadas do Plano de Contingência do Município de Presidente Lucena/RS.","alta",""
"Progresso","vermelho","semáforo (verde/amarelo/vermelho)","0","N/A","N/A","alta",""
"Putinga","vermelho","semáforo (verde/amarelo/vermelho)","0","N/A","Documento contém seções de dados cadastrais, objetivos e áreas de risco, listas de autoridades e contatos, mas não descreve canais de emissão de alerta à população (sirenes, SMS, alto‑falantes, aplicativo, rádio ou redes sociais).","media",""
"Quevedos","verde","semáforo (verde/amarelo/vermelho)","4","rádio local,redes sociais municipais,SMS/alerta em massa (parceria com Defesa Civil estadual),carro de som/alto-falante (sound trucks)","lista de comunicação: ""local radio, municipal social media, SMS alerts in partnership with state civil defense, and sound trucks for remote areas""","alta",""
"Quinze de Novembro","vermelho","semáforo (verde/amarelo/vermelho)","0","N/A","N/A","alta",""
"Relvado","vermelho","semáforo (verde/amarelo/vermelho)","0","N/A","Os alertas emitidos pelos órgãos oficiais de monitoramento meteorológico serão recebidos por meio da Coordenadoria Municipal de Proteção e Defesa Civil. A Coordenadoria Municipal de Proteção e Defesa Civil deverá manter telefone funcional ativo, capaz de receber avisos e alertas a qualquer tempo.","alta",""
"Restinga Sêca","amarelo","semáforo (verde/amarelo/vermelho)","1","Difusão por órgãos de comunicação / Assessoria de Imprensa / Boletins Oficiais","Assessoria de Imprensa: - Cooperar com a COMDEC, na divulgação de campanhas de orientação à população residente nas áreas atingidas sobre como proceder antes, durante e após o evento; - ... - Difundir, através dos organismos de comunicação, os Boletins Oficiais; - Designar um representante junto à COMDEC.","alta",""
"Rio Grande","amarelo","semáforo (verde/amarelo/vermelho)","1","Atendimento/Chamadas via 199 / WhatsApp","Atendimento de Chamadas via 199 – 53999683244 WhatsApp","media",""
"Rio Pardo","amarelo","semáforo (verde/amarelo/vermelho)","2","Rádio (meios de comunicação locais),Grupo de WhatsApp com imprensa local e órgãos da prefeitura (divulgação de informações)","Rádio e Jornal – Meios de comunicação locais; · Rádio: Rio Pardo ... · Rádio: Gazeta Sul ... · Foi criado também um grupo de WhatsApp com a imprensa local e órgãos da prefeitura para divulgação das informações uniformes.","media",""
"Riozinho","verde","semáforo (verde/amarelo/vermelho)","4","veículo/mobilidade com alto‑falante/carro de som,redes sociais (postagens/alertas),telefone/telefonema/mensagem (indica telefonia/WhatsApp/internet como meio de mobilização),rádio (Rádio WEB Riozinho)","Tabela lista ""municipal vehicle with loudspeaker, social media"" e indica ""phone calls, loudspeaker rounds by a vehicle, posts/alerts on social networks""; página lista ""Mídia (rádio, TV, etc) existente no município: Rádio WEB Riozinho""; formulário menciona cobertura de telefonia e nota sobre internet/WhatsApp usage","alta",""
"Roca Sales","verde","semáforo (verde/amarelo/vermelho)","6","rádio (difusão),site da Prefeitura/online,Facebook,Instagram,grupos de WhatsApp (difusão),carro de som/alto-falante","""A comunidade será avisada por meio da rádio, on-line (site da Prefeitura Municipal, Facebook, Instagram e líderes comunitários voluntários, grupos de whatsapp e carro de som."" [ref_id:0]","alta",""
"Rolante","verde","semáforo (verde/amarelo/vermelho)","4","redes sociais,rádios locais,telefonia/SMS (telefonia móvel/telefônica),sinais sonoros (alarmes/sirene/audible alarm/sons)","“durante um alerta devem enviar boletins informativos à comunidade via telefone, redes sociais e rádios locais”[ref_id:2][ref_id:3] e “alarme audível” / “sinais sonoros” / “sirenes” como meios de comunicação e alerta”[ref_id:1][ref_id:0][ref_id:4][ref_id:6]","alta",""
"Saldanha Marinho","vermelho","semáforo (verde/amarelo/vermelho)","0","N/A","Documento não menciona canais públicos de emissão de alerta (sirene, SMS/mensagem em massa, carro de som/alto-falante, aplicativo, rádio ou redes sociais); contém listas de contatos e procedimentos internos como quem aciona o plano e contatos de coordenadores.","alta",""
"Salto do Jacuí","vermelho","semáforo (verde/amarelo/vermelho)","0","N/A","Documento contém dados cadastrais e contatos (telefones, e‑mails, coordenador de defesa civil) e lista de riscos; não há menção a sirenes, SMS, carro de som, aplicativo, rádio ou redes sociais como canais de emissão de alerta à população.","alta",""
"Salvador do Sul","vermelho","semáforo (verde/amarelo/vermelho)","0","N/A","N/A","alta",""
"Sananduva","amarelo","semáforo (verde/amarelo/vermelho)","1","meios de comunicação (difusão) / disponibilizar informações rápidas à população","Disponibilizar informações rápidas à população, atravez dos meiode comunicação;","media",""
"Santa Bárbara do Sul","amarelo","semáforo (verde/amarelo/vermelho)","1","Publicidade/Anúncios (public notices) / ""divulgação"" (acionamento de mecanismos de aviso ao público) — comunicação via Assessoria/Comunicacao","""Alarme: trigger warning mechanisms and public notices; requires publicity/announcements; communication office handles messaging."" [ref_id:4]","media",""
"Santa Cecília do Sul","amarelo","semáforo (verde/amarelo/vermelho)","1","Rádio,Internet","""AVISOS"" (lists Internet, Rádio).","media",""
"Santa Clara do Sul","vermelho","semáforo (verde/amarelo/vermelho)","0","N/A","Os documentos recuperados mostram contato de coordenadores, telefones de órgãos, lista de abrigos e objetivos/acionamento do plano, sem mencionar sirenes, SMS/mensagem em massa, carro de som/alto-falante, aplicativo, rádio ou redes sociais como meios de emissão de alerta à população.","alta",""
"Santa Cruz do Sul","verde","semáforo (verde/amarelo/vermelho)","6","rádio difusão (Arauto FM, Gazeta AM, Gazeta FM, Santa Cruz AM),WhatsApp (grupos/aviso de difusão),jornal (imprensa escrita),pessoalmente através da equipe (alerta presencial/porta a porta),boletins de informação à imprensa (divulgação de boletins oficiais),mensagem via WhatsApp da 8ª CREPDEC (informe meteorológico)","Informar a comunidade através dos meios de comunicações (rádio difusão - Arauto FM, Gazeta AM, Gazeta FM, Santa Cruz AM), whatsapp, jornais ou pessoalmente através da equipe sobre a EVOLUÇÃO do evento e quais as medidas que estão sendo adotadas; Ademais, deverá se ordenar a transição... Será definido um assessor de comunicação bem como os horários em que serão divulgados os boletins de informação à imprensa.; Adicionalmente, a 8ª CREPDEC enviará mensagem via wathtsApp com informes meteorológicos.","alta",""
"Santa Maria do Herval","amarelo","semáforo (verde/amarelo/vermelho)","2","Internet (redes sociais/website),Rádio","AVISOS Internet, Jornais, Radio, ALERTAS Alerta: Através de meios de comunicação.","media",""
"Santa Maria","verde","semáforo (verde/amarelo/vermelho)","6","sirenes,mensagens de texto (SMS),televisão/rádio,redes sociais,alertas na TV e rádio (mencionado separadamente em contexto vulcânico),aplicativos móveis / alertas em aplicativos móveis","Manter a população informada por meio de canais de comunicação confiáveis, como emissoras de rádio, televisão, redes sociais e mensagens de texto (Defesa Civil, 2024). Emitir alertas de lançamento de materiais vulcânicos por meio de sistemas de alerta público, como sirenes, mensagens de texto, alertas na TV e rádio, redes sociais e outros meios de comunicação (Defesa Civil, 2024). Disponibilizar canais de feedback acessíveis (caixas de sugestões, aplicativos móveis, etc.).","alta",""
"Santa Vitória do Palmar","amarelo","semáforo (verde/amarelo/vermelho)","3","redes sociais oficiais,rádios locais,integração com sistemas estaduais de alerta","Utilização de comunicados oficiais através das redes sociais oficiais, rádios locais e integração com sistemas estaduais de alerta.","alta",""
"Santana da Boa Vista","amarelo","semáforo (verde/amarelo/vermelho)","1","carro de som/alto-falante (sound car)","Que ações devem ser desenvolvidas: numbered actions including alert/monitoring/communication (sound car), contacting involved parties by phone, isolation of site by the public works department, organization of shelters by each responsible party, and distribution of tarps/equipment for first aid.","alta",""
"Santiago","verde","semáforo (verde/amarelo/vermelho)","4","sirenes,SMS / mensagem em massa,rádio,emitir boletins informativos / postar alertas (redes digitais / plataformas de difusão)","Instalar sistemas de alerta precoce (sirenes, SMS, rádios), (Hopeful, 2024). — Estabelecer sistemas de monitoramento e alerta precoce (SMS, rádio, sirenes), (Hopeful, 2024). — Emitir boletins informativos atualizados à população e às equipes em campo (Hopeful, 2024).","alta",""
"Santo Antônio da Patrulha","verde","semáforo (verde/amarelo/vermelho)","5","carro de som/alto-falante,visitas presenciais dos agentes (com alerta direto à população),mídias sociais,rádio (AM/FM),aplicativos/telefone (mensagem em massa)","""O Acionamento se dará pelo COMPDEC, por meio de carro de som e visitas presenciais dos agentes de Defesa Civil a população, e através da mídia sociais, rádio e/ou telefone “aplicativos”.""","alta",""
"Santo Antônio do Palma","amarelo","semáforo (verde/amarelo/vermelho)","2","mídias sociais oficiais do município,grupos de WhatsApp","""notas community notification via official municipal social media, WhatsApp groups and local newspapers""","alta",""
"Santo Antônio do Planalto","amarelo","semáforo (verde/amarelo/vermelho)","1","Imprensa Municipal (campanhas e manter público informado)","5.7 Imprensa Municipal: cooperar com COMPDEC em campanhas de informação pública antes, durante e após eventos e manter a população informada sobre a situação e sua evolução.","media",""
"Santo Expedito do Sul","amarelo","semáforo (verde/amarelo/vermelho)","3","rádio,site municipal (website),jornais regionais","a comunidade será notificada por radio, o site municipal e jornais regionais","alta",""
"Sapiranga","vermelho","semáforo (verde/amarelo/vermelho)","0","N/A","Documentos do Plano de Contingência e formulários municipais descrevem procedimentos de acionamento, contatos, recursos e ações de socorro/remoção, porém não mencionam meios de EMISSÃO DE ALERTA à população como sirenes, SMS/mensagem em massa, carro de som/alto‑falante, aplicativo, rádio ou redes sociais de difusão.","alta",""
"Sapucaia do Sul","verde","semáforo (verde/amarelo/vermelho)","7","carro de som/alto-falante,rádio,redes sociais (Instagram, Facebook),WhatsApp (grupos de difusão),mensagens de texto / SMS,aplicativos,boletins para mídia (TV/imprensa)","Intensificar a comunicação de risco em diferentes veículos de comunicação, incluindo carro de som, rádios, grupos de whatsapp, redes sociais e outras; Usar múltiplos canais (rádios, redes sociais, carro de som, mensagens de texto); Usar todos os meios disponíveis (rádio, TV, redes sociais, carro de som, SMS, aplicativos); a Coordenadoria de Defesa Civil ... será a responsável pela emissão do alerta, estes são repassados através de mensagens de “Whatsapp, Instagram e Facebook” para os órgãos governamentais e para a população do município de sapucaia do Sul.[ref_id:0][ref_id:1][ref_id:3][ref_id:5][ref_id:9]","alta",""
"Segredo","verde","semáforo (verde/amarelo/vermelho)","4","rádio,carro de som/alto-falante,redes sociais (postagem de alerta),agentes comunitários/veiculação comunitária (ex.: divulgação por agentes de saúde)","1) ""uso de local radio, sound trucks and social media (prefeitura and CRAS)."" 2) ""2º momento — disseminação para a população: radio; community health agents; sound truck (municipal communities); social networks."" 3) ""Comunicação: ... use of local radio, sound trucks and social media (prefeitura and CRAS).""","alta",""
"Selbach","vermelho","semáforo (verde/amarelo/vermelho)","0","N/A","Documentos do PLANO DE CONTINGÊNCIA de Selbach/RS (páginas fornecidas) não mencionam sirenes, SMS/mensagem em massa, carro de som/alto-falante, aplicativo, rádio ou redes sociais como meios de emissão de alerta à população nas páginas recuperadas.","media",""
"Sentinela do Sul","vermelho","semáforo (verde/amarelo/vermelho)","0","N/A","NÃO há menção a sirenes, SMS/mensagem em massa, carro de som/alto‑falante, aplicativo, rádio, redes sociais de difusão ou WhatsApp de difusão nas seções recuperadas do Plano de Contingência; listas apresentadas são contatos/telefones de responsáveis, serviços e abrigos (ex.: ""5. LISTA DE CONTATOS"", tabelas de contatos e telefones) e não canais de emissão de alerta à população.","alta",""
"Sertão Santana","verde","semáforo (verde/amarelo/vermelho)","4","sirenes,luzes (giroflex) / rondas da Brigada Militar,mensagens públicas (modelos de Alertas Amarelo/Laranja/Vermelho) — difusão pública,radiocomunicação (rádio / rádio amador como canal resiliente)","“A ordem de evacuação emitida pelo Prefeito será disseminada por todos os canais oficiais. Em apoio, a Brigada Militar realizará rondas nas áreas de risco iminente, utilizando sirenes e luzes (giroflex)…” [ref_id:0] ""ANEXO D: MODELOS DE MENSAGENS DE ALERTA PÚBLICO"" (modelos de alertas Amarelo/Laranja/Vermelho) [ref_id:3] “Radiocomunicação: O CONSEPRO (Moisés) dispõe de equipamento de rádio amador, que servirá como um canal de comunicação secundário e resiliente…” [ref_id:1]","alta",""
"Sertão","vermelho","semáforo (verde/amarelo/vermelho)","0","N/A","5.1 Emissão de alerta; Identificação das Pessoas — 5.1 Emitir Alerta (lista de responsáveis e telefones).","media",""
"Severiano de Almeida","amarelo","semáforo (verde/amarelo/vermelho)","3","rádio,redes sociais (site da Prefeitura/online),jornais de circulação","A comunidade será avisada por meio de rádio, online (redes sociais e site da Prefeitura Municipal) e jornais de circulação na região.","alta",""
"Silveira Martins","vermelho","semáforo (verde/amarelo/vermelho)","0","N/A","Não há menção a sirenes, SMS/mensagem em massa, carro de som/alto‑falante, aplicativo, rádio, redes sociais ou WhatsApp de difusão para emitir alertas à população; o documento contém contatos e procedimentos de articulação/acionamento de órgãos e responsáveis (listas de telefones e contatos internos) e orientação para informar a imprensa e serviços, mas não descreve canais de emissão direta de alertas à população.","alta",""
"Sobradinho","verde","semáforo (verde/amarelo/vermelho)","4","carro de som/alto-falante,visitas de agentes de Defesa Civil (alerta presencial à população),rádio (rádios locais/comunitárias),e-mail (para divulgação à população/instituições)","O Acionamento se dará por meio de carro de som e visitas dos agentes de Defesa Civil a população, e através da mídia (Rádios), encaminhado e-mail com os dados do porque está sendo dado o alerta","alta",""
"Soledade","amarelo","semáforo (verde/amarelo/vermelho)","1","rádio (difusão),site da Prefeitura/online","""A comunidade será avisada por meio da rádio, on-line (site da Prefeitura Municipal) e jornais de circulação na região."" [ref_id:0]","alta",""
"São Domingos do Sul","verde","semáforo (verde/amarelo/vermelho)","4","Internet,Carro de som/alto-falante,Rádio,Sino da Igreja","Internet, Carro de som, Radio, Sino da Igreja,","alta",""
"São Francisco de Assis","amarelo","semáforo (verde/amarelo/vermelho)","1","WhatsApp (DDD/WhatsApp: 55 32521450)","""DDD/WhatsApp: 55 32521450"" [ref_id:0]","media",""
"São Jerônimo","amarelo","semáforo (verde/amarelo/vermelho)","2","mensagens de SMS (mensagens de celular),internet/boletins/alertas via CENAD (difusão pela internet)","O monitoramento realizado ... através do acompanhamento dos dados do INPE, Instituto Nacional de Meteorologia- INMET, Rede de Meteorologia ... Boletins Meteorológicos da Defesa Civil Estadual e mensagens de SMS.[ref_id:4][ref_id:13]","media",""
"São José do Herval","vermelho","semáforo (verde/amarelo/vermelho)","0","N/A","""8 Meios De Comunicação: states that, to avoid dissemination of uncoordinated information, only the Mayor, Vice-Mayor, and the Civil Defense Coordinator may provide information to the media."" [ref_id:12]","alta",""
"São José do Hortêncio","amarelo","semáforo (verde/amarelo/vermelho)","3","rádio comunitária,mídias sociais,grupos de comunicação comunitária","Emissão de alertas preventivos à população por meios oficiais (rádio, mídias sociais, e grupos de comunicação comunitária).","alta",""
"São José do Norte","verde","semáforo (verde/amarelo/vermelho)","5","site da prefeitura,redes sociais,rádios locais,alertas via SMS,grupos comunitários no WhatsApp","Canais oficiais: site da prefeitura, redes sociais, rádios locais  Alertas via SMS: cadastramento no 40199  Grupos comunitários no WhatsApp","alta",""
"São José do Ouro","amarelo","semáforo (verde/amarelo/vermelho)","2","rádio,canais online/veiculação em redes (online channels)","""a comunidade será notificada via radio e online channels""","media",""
"São José do Sul","vermelho","semáforo (verde/amarelo/vermelho)","0","N/A","Nenhum trecho dos documentos recuperados descreve meios de emissão de alerta públicos como sirenes, SMS/mensagem em massa, carro de som/alto‑falante, aplicativo, rádio ou redes sociais para informar a população; itens listados referem‑se a ativação de coordenação, mobilização de órgãos, contatos telefônicos e estoques (ex.: ""o COMPDEC coordenador irá ativar o plano e posto de comando""; listas de telefones/telefones de responsáveis; ""ESTOQUE EMERGENCIAL DO MUNICÍPIO""), os quais não constituem canais de emissão de alerta à população.","alta",""
"São João da Urtiga","amarelo","semáforo (verde/amarelo/vermelho)","1","Divulgação através dos órgãos de comunicação / imprensa (boletins oficiais)","""Difundir, através dor organismos de comunicação, os Boletins Oficiais."" [ref_id:2]","alta",""
"São João do Polêsine","vermelho","semáforo (verde/amarelo/vermelho)","0","N/A","N/A","alta",""
"São Leopoldo","amarelo","semáforo (verde/amarelo/vermelho)","2","Redes sociais (postagens/entrevistas),Boletins meteorológicos / divulgação de alertas à imprensa (meios de comunicação)","Comunicação - Comunicando através de redes sociais, entrevistas [ref_id:0] || - Informar imprensa e população quanto a possibilidade de evento adverso. - Divulgar o boletim meteorológico para os órgãos e entidades previstos no Plano de Contingência. - Informar os NUPDEC´s e a população das áreas de risco. [ref_id:2]","alta",""
"São Lourenço do Sul","vermelho","semáforo (verde/amarelo/vermelho)","0","N/A","N/A","baixa",""
"São Martinho da Serra","amarelo","semáforo (verde/amarelo/vermelho)","1","rádio (rádio comunitária / Rádio Local Serrana FM)","divulgação nos canais da UBS, Prefeitura e rádio comunitária.[ref_id:0] / Rádio Local Serrana FM[ref_id:0]","alta",""
"São Pedro da Serra","vermelho","semáforo (verde/amarelo/vermelho)","0","N/A","N/A","alta",""
"São Pedro do Sul","vermelho","semáforo (verde/amarelo/vermelho)","0","N/A","Os documentos mostram apenas texto de acionamento interno com contatos (responsável e telefone) e as palavras ""ATENÇÃO! A DEFESA CIVIL MUNICIPAL ALERTA!""; não descrevem canais de emissão ao público como sirenes, SMS, alto-falantes, aplicativo, rádio ou redes sociais.","alta",""
"São Sebastião do Caí","verde","semáforo (verde/amarelo/vermelho)","7","sirenes,SMS / mensagem em massa,carros de som / alto-falantes,WhatsApp (canal informativo / difusão),rádio (rádio comunitária / parceria com rádios locais),redes sociais do município (Facebook, Instagram, posts/stories),site oficial do município / página dedicada","Divulgar alertas e orientações claras à população sempre que houver risco de chuvas intensas, especialmente em áreas sujeitas a enxurrada (sirenes, SMS, rádio comunitário) [ref_id:1]; CARROS DE SOM (COC) ... Ex 1: “Atenção, moradores! ..."" [ref_id:2]; WHATSAPP (COC) • Canal direto com a comunidade, com envio automático de boletins [ref_id:2]; REDES SOCIAIS DO MUNICÍPIO (COC) • Comunicação direta e imediata... todas as publicações dever ser publicadas no feed e compartilhadas nos stories [ref_id:0]; SITE DO MUNICÍPIO (COC) • Página dedicada à divulgação do Plano de Contingência [ref_id:0]; O quadro a seguir reúne os principais meios de comunicação a serem utilizados... (lista inclui carros de som, WhatsApp, rádios, redes sociais, site) [ref_id:2]","alta",""
"São Sepé","amarelo","semáforo (verde/amarelo/vermelho)","1","Rádio (difusão)","Lista de cópias distribuídas inclui ""Rádio Cotrisel"" como destinatário do boletim/Plano","media",""
"São Vendelino","amarelo","semáforo (verde/amarelo/vermelho)","1","boletins oficiais (horários fixos) / porta-voz","As informações serão divulgadas através de boletins oficiais, que serão emitidos de acordo com as seguintes diretrizes: • Horários Fixos: Os boletins serão divulgados em horários pré-definidos, preferencialmente na parte da manhã e ao final do dia.","media",""
"São Vicente do Sul","amarelo","semáforo (verde/amarelo/vermelho)","2","Rádio (difusão) ,Departamento Municipal de Comunicação / divulgação de boletins oficiais (imprensa)","Rádio Nova Manhã FM (55) 3257 2318; Rádio São Vicente FM (55) 3257 2131; Departamento Municipal de Comunicação (IMPRENSA) *Difundir, através dos organismos de comunicação, os boletins oficiais.* [ref_id:5][ref_id:6]","alta",""
"Sério","vermelho","semáforo (verde/amarelo/vermelho)","0","N/A","O monitoramento é realizado pela Secretaria da Agricultura e Meio Ambiente, em conjunto com a Coordenadoria Municipal de Proteção e Defesa Civil. Os alertas à população são emitidos diretamente pelo poder público, por meio da Coordenadoria Municipal de Proteção e Defesa Civil.","media",""
"Tabaí","vermelho","semáforo (verde/amarelo/vermelho)","0","N/A","Documento contém seções sobre objetivos, acionamento do plano, áreas de risco, lista de abrigos e resumo de recursos (postos, plantões, escolas, máquinas), sem mencionar sirenes, SMS, carro de som, aplicativo, rádio ou redes sociais como meios de emissão de alerta à população.","alta",""
"Tapejara","amarelo","semáforo (verde/amarelo/vermelho)","1","Rádio (difusão) - estações locais mencionadas (Radio Tapejara FM 101.5; Rádio Caiobá FM 100.7; Rádio Nova FM 104.9)","Radio Tapejara FM 101.5 Rua Amancio Cardoso, 592 – Centro (54) 3344 1185 [ref_id:0]","media",""
"Tapera","verde","semáforo (verde/amarelo/vermelho)","7","rádio local,carro de som/alto-falantes em comunidades rurais,grupos de WhatsApp oficiais,SMS/mensagem em massa,site da Prefeitura,redes sociais,rádios comunitárias/Central de Rádio da Brigada Militar (transmissão pública)","""Canais de divulgação: rádio local, carro de som, grupos de WhatsApp oficiais, SMS, site da Prefeitura, redes sociais, rádios comunitárias e alto-falantes em comunidades rurais."" [ref_id:0][ref_id:12]","alta",""
"Tapes","amarelo","semáforo (verde/amarelo/vermelho)","1","Comunicação / divulgação pública (mensagens/postagens públicas)","5. Que ações devem ser desenvolvidas?: ... 5.3 avisar a população; ... 2) Monitoramento e Alerta (durante o evento) — responsabilidade: Defesa Civil, Meteorologia e Comunicação; ... emitir alertas oficiais, mobilizar equipes de resposta.","media",""
"Taquara","amarelo","semáforo (verde/amarelo/vermelho)","1","redes sociais (página Defesa Civil de Taquara)","o município emite alertas nas redes sociais (especialmente na página Defesa Civil de Taquara) alcançando milhares","alta",""
"Taquari","verde","semáforo (verde/amarelo/vermelho)","5","internet (site/portal) e redes sociais,jornal (imprensa) e rádio local,telefone (mensagem/telefonema) - usado para alertas à população,carro de som/alto‑falante (veículo de sonorização),notas/veiculação pela imprensa (divulgação pela Secretaria de Comunicação)","""...emite alertas preventivos... divulgação dos canais: internet, jornais e rádio local, telefone, veículo de sonorização...""","alta",""
"Tavares","vermelho","semáforo (verde/amarelo/vermelho)","0","N/A","N/A","alta",""
"Teutônia","amarelo","semáforo (verde/amarelo/vermelho)","1","emissão de alertas por parte da Defesa Civil Municipal (padronizada conforme Anexo H)","A emissão de alertas por parte da Defesa Civil Municipal deve obedecer os padrões conforme “Anexo H”. [ref_id:0][ref_id:1]","media",""
"Tio Hugo","amarelo","semáforo (verde/amarelo/vermelho)","3","rádio,site da Prefeitura / on-line,redes sociais do Município","A comunidade será avisada por meio de rádio, on-line (site da Prefeitura Municipal e redes sociais do Município) e jornais de circulação na região.","alta",""
"Toropi","vermelho","semáforo (verde/amarelo/vermelho)","0","N/A","O documento descreve objetivos, acionadores, monitoramento, alerta e alarme, e lista contatos institucionais (telefone e e-mail da prefeitura e do coordenador de Defesa Civil), mas não menciona meios específicos de emissão de alerta à população como sirenes, SMS, carro de som, aplicativo, rádio ou redes sociais.","alta",""
"Travesseiro","vermelho","semáforo (verde/amarelo/vermelho)","0","N/A","N/A","alta",""
"Triunfo","vermelho","semáforo (verde/amarelo/vermelho)","0","N/A","ALERTAS Responsável: Vagner Pires Pinheiro Telefone/Celular: (51) 98198-7888 Alerta: Alerta de Temporais, queda de granizo, chuvas, e possíveis Inundações. ALARMES Responsável: Vagner Pires Pinheiro Telefone/Celular: (51) 98198-7888 Alarme: Alerta de Temporais, queda de granizo, chuvas, e possíveis Inundações.","alta",""
"Três Arroios","verde","semáforo (verde/amarelo/vermelho)","4","rádio,redes sociais (mídias sociais e site municipal),online (site municipal),jornal regional (difusão)","“Comunidade será notificada via radio, online (social media and municipal website) and regional newspapers.” [ref_id:0]","alta",""
"Três Coroas","amarelo","semáforo (verde/amarelo/vermelho)","1","rádio (comunicação/difusão)","os órgãos mobilizados ativarão os protocolos internos definidos de acordo com o nível da ativação (atenção, alerta, alarme e resposta). ... podendo ser chamado pelos diversos meios de comunicação como telefones, rádios, e-mails, etc...","media",""
"Tunas","vermelho","semáforo (verde/amarelo/vermelho)","0","N/A","N/A","baixa",""
"Tupanci do Sul","amarelo","semáforo (verde/amarelo/vermelho)","3","rádio (Rádio Poatã de São José do Ouro),sites da prefeitura,grupos de WhatsApp","Em caso de ocorrência de evento será disparado alertas na rádio Poatã de São José do Ouro. Também informará em sites da prefeitura e grupos de watsapp.","alta",""
"Tupanciretã","vermelho","semáforo (verde/amarelo/vermelho)","0","N/A","N/A","baixa",""
"Tupandi","vermelho","semáforo (verde/amarelo/vermelho)","0","N/A","N/A","baixa",""
"Turuçu","vermelho","semáforo (verde/amarelo/vermelho)","0","N/A","documento apresenta campos de contatos (telefones, e‑mails) e responsáveis e descreve áreas de risco e acionamento do plano, sem menção a sirenes, SMS/mensagem em massa, carro de som/alto‑falante, aplicativo, rádio ou redes sociais para emissão de alerta à população.","alta",""
"Unistalda","vermelho","semáforo (verde/amarelo/vermelho)","0","N/A","N/A","alta",""
"Vale Real","verde","semáforo (verde/amarelo/vermelho)","5","sirenes,mensagens via celular/Cell Broadcast/SMS,rádios comunitárias,redes sociais,mensagens em massa/WhatsApp de difusão (implícito em 'mensagens via celular')","Sistema de alerta: sirenes, mensagens via celular, Cell Broadcast, rádios comunitárias, redes sociais;","alta",""
"Vale Verde","vermelho","semáforo (verde/amarelo/vermelho)","0","N/A","Não há menção a meios de emissão de alerta à população (sirene, SMS/mensagem em massa, alto-falante/carro de som, aplicativo, rádio, redes sociais, WhatsApp de difusão) nos documentos do Plano de Contingência do município; constam apenas contatos/telefones de responsáveis, recursos e ações gerais (ex.: ""Levar informação quanto ao risco de algum evento adverso"")","alta",""
"Vanini","verde","semáforo (verde/amarelo/vermelho)","4","Internet,Carro de som,Rádio,Jornais","AVISOS Internet, Carro de som, Jornais, Radio, Telefone,","alta",""
"Venâncio Aires","verde","semáforo (verde/amarelo/vermelho)","5","WhatsApp (grupos/informes meteorológicos e comunicação de alerta),Rádio,Internet (sites/redes sociais/internet em geral),Jornais (impressos),Avisos presenciais/boletins e em pessoa","""Adicionalmente, a 8ª CREPDEC e a DEFESA CIVIL VRP enviam mensagens via WhatsApp com informes meteorológicos."" ""guidance to inform the community via radio, internet, WhatsApp groups, newspapers and in person about event evolution and measures.""","alta",""
"Vera Cruz","vermelho","semáforo (verde/amarelo/vermelho)","0","N/A","Não há menção a sirenes, SMS/mensagem em massa, carro de som/alto-falante, aplicativo, rádio, redes sociais de difusão ou WhatsApp de difusão no texto do PLANCON recuperado para Vera Cruz.","alta",""
"Vespasiano Corrêa","amarelo","semáforo (verde/amarelo/vermelho)","3","radio,redes sociais,carro de som/alto-falante","Comunicação por rádio, redes sociais e carro de som","alta",""
"Viadutos","vermelho","semáforo (verde/amarelo/vermelho)","0","N/A","N/A","baixa",""
"Viamão","verde","semáforo (verde/amarelo/vermelho)","5","Redes sociais oficiais da Prefeitura,Mensagens de emergência nos grupos de WhatsApp,Equipes da Defesa Civil com megafones,Via imprensa oficial municipal,Mensagens de alerta (conteúdo descrito: data/hora, situação, áreas afetadas, orientações)","Meios de Divulgação – Via imprensa oficial municipal - Redes sociais oficiais da Prefeitura; ... Meios de Acionamento – Via imprensa oficial municipal - Mensagens de emergência nos grupos de WhatsApp. - Equipes da Defesa Civil com megafones; A mensagem de alerta deverá conter: - Data e hora da emissão; - Situação atual - Previsão de evolução; - Áreas potencialmente afetadas; - Orientações para a população;","alta",""
"Victor Graeff","verde","semáforo (verde/amarelo/vermelho)","5","rádio,site da Prefeitura (online),WhatsApp (grupos),Facebook/Instagram (redes sociais),jornais locais (difusão)","""a comunidade será notificada por rádio, online (site do Prefeitura Municipal), WhatsApp groups, Facebook, Instagram e jornais locais""","alta",""
"Vila Lângaro","verde","semáforo (verde/amarelo/vermelho)","4","rádio,carros de som/alto-falante,site da Prefeitura (on-line),redes sociais do município","A comunidade será avisada por meio da rádio, carros de som, on-line (site da Prefeitura Municipal e redes sociais do município). [ref_id:0]","alta",""
"Vila Maria","amarelo","semáforo (verde/amarelo/vermelho)","3","Internet,Rádio,Sino da Igreja","AVISOS \nInternet, Radio, Sino da Igreja.","alta",""
"Vila Nova do Sul","amarelo","semáforo (verde/amarelo/vermelho)","1","Rádio (Rádio Pampiana FM)","""6.1 Mobilização para informação e alertas\n\nSincero Brites Rádio \nPampiana FM \n\n(55) 99731-\n8787""","alta",""
"Westfália","vermelho","semáforo (verde/amarelo/vermelho)","0","N/A","Não há menção a sirenes, SMS, carro de som/alto-falante, aplicativo, rádio ou redes sociais para emissão de alertas à população no documento recuperado.","alta",""
"Água Santa","amarelo","semáforo (verde/amarelo/vermelho)","3","rádio,site municipal (website),jornais locais","a comunidade será notificada via radio, site municipal e jornais locais.","alta",""
"Áurea","verde","semáforo (verde/amarelo/vermelho)","5","Internet,Telefone,Rádio,Carro de Som,Sino da Igreja","Internet, Telefone, Rádio, Carro de Som, Sino da Igreja.","alta",""
