"municipio","valor","unidade","apenas_previsto","evento_real_nao_simulado","evidencia","confianca","erro"
"Agudo","vermelho","semáforo (verde/vermelho)","sim","nao","""Treinar, por meio de simulados, as comunidades mais vulneráveis;"" [ref_id:0][ref_id:8]","alta",""
"Alto Alegre","vermelho","semáforo (verde/vermelho)","nao","nao","Documentos do PLANCON/Alto Alegre não mencionam simulado/treinamento realizado; o conteúdo descreve objetivos, critérios de acionamento e listas de contatos/abrigo, sem ata, relatório, data de realização ou número de participantes de um simulado [ref_id:0][ref_id:1][ref_id:2][ref_id:3]","alta",""
"Alto Feliz","vermelho","semáforo (verde/vermelho)","sim","nao","O documento prevê e descreve procedimentos de evacuação e treinamento/ações (ex.: ""As Áreas de Evacuação serão planejadas...""; ""Deverá ser encaminhadas equipes de resgate dependendo da magnitude do evento"") mas não apresenta indicação de simulado/treinamento efetivamente realizado com data, ata, relatório ou número de participantes no passado.","alta",""
"Alvorada","vermelho","semáforo (verde/vermelho)","sim","nao","“deverão ser realizados exercícios simulados conjuntos, com pelo menos uma edição anual em Alvorada como prevê a Lei Nº 12.608, de 10 de Abril de 2012.” [ref_id:3]","alta",""
"Amaral Ferrador","vermelho","semáforo (verde/vermelho)","nao","nao","Não há menção de simulado realizado; o plano descreve procedimentos e responsabilidades (ex.: ""5.1 - Rápida identificação e resgate das vitimas e avaliação"") e informações institucionais, sem referência a ""foi realizado o simulado"", ata, relatório ou número de participantes.","alta",""
"Anta Gorda","vermelho","semáforo (verde/vermelho)","N/A","N/A","N/A","baixa",""
"Arambaré","vermelho","semáforo (verde/vermelho)","sim","nao","O documento usa linguagem de previsão/ação futura sobre simulados/ativação (ex.: ""criar plano de chamadas e manter equipes extras em prontidão""; ações de alerta/prontidão e avaliação/possível evacuação), e não apresenta registro de simulado realizado com data/ata/relatório/nº participantes. Exemplo de trechos: ""criar plano de chamadas e manter equipes extras em prontidão"" [ref_id:16] e avaliação/possível evacuação no nível de Alerta e Prontidão: ""avaliar evacuação preventiva de moradores em áreas de risco"" [ref_id:4]. Não há menção a ""foi realizado o simulado em"" nem ata/relatório de exercício nas páginas recuperadas (N/A).","alta",""
"Araricá","vermelho","semáforo (verde/vermelho)","sim","N/A","“5.3 Treinamento com alunos e professores, nas redes de ensino, para uma possível evasão.”","alta",""
"Arroio Grande","vermelho","semáforo (verde/vermelho)","sim","N/A","O documento lista procedimentos, áreas de risco e estoques emergenciais e contém orientações de ativação do plano, mas não apresenta menção a simulado/exercício de evacuação já realizado (não há ata, relatório, data de simulado ou número de participantes) nem texto indicando que ""foi realizado o simulado em <data>"". [ref_id:0][ref_id:1][ref_id:2]","alta",""
"Arroio do Meio","vermelho","semáforo (verde/vermelho)","sim","nao","“O GPT terá reuniões periódicas para reavaliar e aprimorar o plano de contingência municipal” (lista de grupos e revisão do plano) e instruções como “deverão promover a cultura de Defesa Civil” / não há menção de simulado realizado com data, ata, relatório ou número de participantes no documento recuperado","alta",""
"Arroio do Padre","vermelho","semáforo (verde/vermelho)","sim","N/A","Não há menção a simulado realizado; o plano descreve procedimentos e ativação do Plano (ex.: ""Após a decisão formal de ativar o Plano, as seguintes medidas serão desencadeadas:"") e instruções para uso/atualização (ex.: ""O Plano de Contingência poderá ser ativado pela(o)""), mas não apresenta ata, relatório, data de simulado ou número de participantes nem texto indicando que ""foi realizado o simulado em <data>"" [ref_id:5][ref_id:6][ref_id:3]","alta",""
"Arroio dos Ratos","vermelho","semáforo (verde/vermelho)","sim","nao","Além disso, devem ser realizados exercícios simulados conjuntos, com pelo menos uma edição anual em Arroio dos Ratos, como prevê a Lei Federal nº 12.608, de 10 de abril de 2012.","alta",""
"Arvorezinha","vermelho","semáforo (verde/vermelho)","nao","nao","Não menciona simulados realizados; contém orientações do plano, lista de abrigos, recursos e declaração ""O município não conta com estoque de emergência para desastres."" e data do plano ""Arvorezinha, 23 de outubro de 2025."" [ref_id:2][ref_id:0]","alta",""
"Barra do Ribeiro","vermelho","semáforo (verde/vermelho)","sim","nao","ATIVIDADES DE RESPOSTA E RESPONSÁVEIS - 1 ... Realizar buscas, resgate e salvamento ... (Documento: 'Nenhum documento foi anexado.')","alta",""
"Barracão","vermelho","semáforo (verde/vermelho)","sim","nao","""O Plano de Contingência ... estabelece os procedimentos a serem adotados... quando houver ocorrência de emergências"" [ref_id:3] ""O Plano de Contingência de Proteção e Defesa Civil do Município de Barracão/RS tem como objetivo principal desenvolver procedimentos que deverão ser adotados pelos órgãos competentes quando houver ocorrência de emergências"" [ref_id:13]","alta",""
"Barros Cassal","vermelho","semáforo (verde/vermelho)","sim","nao","""instruções para manutenção do plano... realizar exercícios simulados em conjunto, uma vez por ano, sob coordenação do COMPDEC e emitir relatórios após cada exercício""","alta",""
"Barão de Cotegipe","vermelho","semáforo (verde/vermelho)","nao","nao","Não há menção a simulado/treinamento realizado; documentos listam atividades de resposta e ações a serem desenvolvidas e indicam 'Documentos: nenhum documento foi anexado.' e instruções/planos (ex.: 'Ações a serem desenvolvidas', 'Acionar mecanismos para implantação do Plano de Contingência') sem registro de data, ata, relatório ou número de participantes de um simulado realizado.","alta",""
"Barão do Triunfo","vermelho","semáforo (verde/vermelho)","sim","sim","“Sinalização e treinamento da população em caso de eventos climáticos, após a audiência pública que acontecera em meados de março.” [ref_id:5][ref_id:4] — e — “III. AÇÕES DE RESPOSTA REALIZADAS / Com base no Plano de Contingência para o desastre em tela, as seguintes ações emergenciais foram executadas.” (relato de resposta a evento real, sem indicar que foi um simulado realizado com data/relatório/participantes). [ref_id:2][ref_id:5]","alta",""
"Barão","vermelho","semáforo (verde/vermelho)","sim","nao","“Simulados semestrais com participação de escolas e comunidade.” [ref_id:1] ""Capacitação anual de equipes municipais e voluntários."" [ref_id:1]","alta",""
"Boa Vista do Cadeado","vermelho","semáforo (verde/vermelho)","sim","nao","O documento lista ações e responsabilidades e traz linguagem de obrigação/planejamento, por exemplo: ""Ações a serem desenvolvidas"" e itens como ""Convocar a equipe COMPDEC"" e instruções operacionais; não há menção a simulado já realizado com data/ata/relatório ou número de participantes nos documentos recuperados","alta",""
"Boa Vista do Incra","vermelho","semáforo (verde/vermelho)","sim","nao","“O município deverá realizar exercícios simulados anuais, preferencialmente antes do período de maior risco (...)” [ref_id:0] ""Recomenda-se a realização de exercícios simulados anuais, envolvendo as secretarias municipais, forças de segurança, entidades comunitárias e voluntários"" [ref_id:1]","alta",""
"Bom Princípio","vermelho","semáforo (verde/vermelho)","nao","N/A","Não há menção no documento recuperado de simulado/exercício de evacuação efetivamente realizado com data, ata, relatório ou número de participantes; o arquivo é o ""PLANO DE CONTINGÊNCIA"" da Coordenadoria Municipal de Defesa Civil de Bom Princípio (atualizado em maio de 2025) com listas de estruturas, unidades e profissionais, sem registro de simulado realizado.","alta",""
"Bom Retiro do Sul","vermelho","semáforo (verde/vermelho)","sim","nao","“capacitações, treinamentos e exercícios simulados de campo;” [ref_id:7] — não há no documento indicação de que um simulado/treinamento foi efetivamente realizado (data, ata, relatório ou nº de participantes).","alta",""
"Brochier","vermelho","semáforo (verde/vermelho)","sim","sim","Documento menciona ações de evacuação e treinamentos como medidas/ações (ex.: ""5.3 – Evacuação; assistência às vítimas com cadastramento via Secretaria Municipal da Assistência Social e alojamento em abrigos e casas de parentes."") e descreve respostas a eventos reais (ex.: ""Movimentos ocorridos no início de maio/2024, criaram uma situação de fragilidade geotécnica..."") — não há indicação de simulado/treinamento efetivamente realizado com data, ata, relatório ou número de participantes.","alta",""
"Butiá","vermelho","semáforo (verde/vermelho)","sim","nao","""Se recomenda que os exercícios simulados, pelo seu caráter educativo (ou seja, o de validar as ações previstas) ocorram pelo menos uma vez ao ano.""[ref_id:3] ""Os simulados devem ser um dos principais critérios para a revisão e atualização do plano de contingências.""[ref_id:2] ""10.4.2. EXECUÇÃO DO SIMULADO: No dia da realização do simulado toda a área deve estar bem sinalizada e o treinamento amplamente divulgado ...""[ref_id:0]","alta",""
"Cacequi","vermelho","semáforo (verde/vermelho)","sim","nao","“INSTALAR SISTEMA DE COMANDO SAMA” / “IDENTIFICAR OS RISCOS AINDA EXISTENTES” / “DIMENSIONAR O EVENTO E A NECESSIDADE DE RECURSOS” — trechos que listam ações a serem desenvolvidas e procedimentos, e ""Evacuação: states evacuation will be organized according to event magnitude so rescue teams have access; evacuation triggered by COMPDEC coordinator, mayor or plan members."" (não há frase que afirme que um simulado/exercício de evacuação foi efetivamente realizado com data, ata, relatório ou número de participantes). [ref_id:5][ref_id:6][ref_id:3]","alta",""
"Cachoeira do Sul","vermelho","semáforo (verde/vermelho)","sim","nao","“A elaboração e revisão de Plano de Contingência é uma ação que integra o Programa Cachoeira do Sul Resiliente: 5. AÇÕES DE PREPARAÇÃO PARA ENFRENTAMENTO DE DESASTRES: Preparação das equipes... O Plano de Contingência deverá ser revisado anualmente.” [ref_id:10] — não há menção a simulado/treinamento efetivamente realizado com data, ata, relatório ou nº de participantes.","alta",""
"Cachoeirinha","vermelho","semáforo (verde/vermelho)","sim","nao","“Se recomenda, ainda, que todos os simulados que vierem ocorrer na cidade de Cachoeirinha, tenham a participação direta e a cooperação da COPAE.” [ref_id:0] ""O Plano de Contingências ... será revisado, atualizado e validado, anualmente, através de exercícios simulados."" [ref_id:2]","alta",""
"Cacique Doble","vermelho","semáforo (verde/vermelho)","sim","nao","Não há menção a simulados realizados; o texto prevê ativação do plano e medidas a serem desencadeadas (ex.: ""Após a decisao formal de ativar o Plano, as seguintes medidas serao desencadeadas:"") e indica obrigações/ativação (ex.: ""COMPDEC ativara o plano de chamada, o posto de comando e a compilacao das informacoes""). [ref_id:2][ref_id:8]","alta",""
"Camaquã","vermelho","semáforo (verde/vermelho)","sim","N/A","O plano descreve procedimentos e ações a serem adotadas e quando será acionado, mas não traz registro de simulado realizado: ""O plano de contingência tem por objetivo estabelecer os procedimentos a serem adotados...""[ref_id:0] e ""Quando o plano será acionado?"" (descrição de gatilhos) sem indicar realização passada de simulados ou atas/relatórios com data ou nº de participantes.[ref_id:2]","alta",""
"Camargo","vermelho","semáforo (verde/vermelho)","sim","N/A","Documento indica ações e organização (""AÇÕES POR EVENTO""; ""monitoramento e evacuação""), planejamento e infraestrutura disponível, mas não contém referência a simulado/exercício já realizado com data, ata, relatório ou número de participantes nos trechos recuperados","alta",""
"Campo Bom","vermelho","semáforo (verde/vermelho)","sim","nao","""O Plano Municipal de Contingência ... estabelece os procedimentos a serem adotados ... incluindo as ações de socorro, ajuda humanitária e reabilitação..."" e trechos que indicam previsões/obrigações como ""O plano poderá ser ativado..."", ""o coordenador da Comdec ativará o plano de chamada"" e menções a periodicidade/obrigações implícitas; não há frase afirmando que ""foi realizado o simulado em <data>"", ata, relatório ou número de participantes no documento recuperado."" [ref_id:0][ref_id:10][ref_id:9]","alta",""
"Campos Borges","vermelho","semáforo (verde/vermelho)","sim","N/A","Não há menção de simulados realizados; o documento descreve ações a serem desenvolvidas e abrigos, e usa linguagem de previsão/ação (ex.: ""Este plano tem por objetivo definir ações emergenciais..."", ""Esse plano deve ser desencadeado em situação critica e emergencial."") [ref_id:0][ref_id:1]","alta",""
"Candelária","vermelho","semáforo (verde/vermelho)","sim","nao","“os órgãos envolvidos ... poderão realizar exercícios simulados conjuntos, sob a coordenação da Coordenadoria Municipal de Proteção e Defesa Civil (COMPDEC), mediante autorização do Prefeito Municipal, emitindo relatório final...” [ref_id:0] — não há no documento citação de simulado efetivamente realizado com data, ata, relatório ou número de participantes; menções encontradas são sobre realização futura/possibilidade e procedimentos em caso de evento real (ex.: registros de chuvas e inundações em 2024) [ref_id:12][ref_id:6]","alta",""
"Canguçu","vermelho","semáforo (verde/vermelho)","sim","nao","“Realizar programas de educação ambiental... Elaborar plano de contingência... ” e trechos que usam linguagem de dever/planejamento (ex.: “o plano deve ser acionado...”), sem indicação de simulado realizado, ata, relatório ou número de participantes no documento recuperado [ref_id:2][ref_id:5]","alta",""
"Canoas","vermelho","semáforo (verde/vermelho)","sim","sim","texto do plano cita a enchente de maio de 2024 como evento real (ex.: ""foi hit by the May 2024 flood with water reaching about 1.5 meters"") e no documento não há afirmação literal de que ""foi realizado o simulado em <data>"" nem ata/relatório de treinamento; há previsões de treinamentos e preparação (ex.: ""Preparação: Organizar ... treinamento (including volunteers)"")","alta",""
"Canudos do Vale","vermelho","semáforo (verde/vermelho)","sim","nao","Simulado: Exercício de desastre que implica a simulação, a mais realista possível, de um desastre provável, durante o qual são testadas as normas, os procedimentos, o grau de adestramento das equipes, planejamento e outros dados que permitam o aperfeiçoamento do processo.[ref_id:1]","alta",""
"Capela de Santana","vermelho","semáforo (verde/vermelho)","nao","nao","Não há menção a simulado/treinamento efetivamente realizado; o documento lista procedimentos, responsabilidades, contatos, abrigo e recursos e traz data de assinatura do plano (""Capela de Santana, RS, 28 de maio de 2024"") mas não indica ""foi realizado o simulado"" nem ata/relatório/número de participantes nos trechos disponíveis [ref_id:1][ref_id:5][ref_id:6]","alta",""
"Capitão","vermelho","semáforo (verde/vermelho)","sim","nao","“Simulação prática realizada no ano” (checklist/Anexo VI) e “podem ser planejados e executados simulados, conforme necessidade e evolução do plano.” (seção 9.1.5) — não há indicação de data, ata, relatório ou número de participantes de simulados efetivamente realizados no passado","alta",""
"Capão Bonito do Sul","vermelho","semáforo (verde/vermelho)","sim","nao","5.1 Reunir as pessoas atingidas pelo evento climático em abrigo. 5.2 Fornecer alimentos, água potável, roupas e atendimento médico aos feridos. 5.3 Iniciar a distribuição de lonas aos desabrigados e realizar levantamento de danos à população.","alta",""
"Capão do Cipó","vermelho","semáforo (verde/vermelho)","sim","nao","É o planejamento tático elaborado com antecipação, a partir de uma determinada hipótese de desastre, visando facilitar respostas ás situações de socorro, minimizando seus efeitos.[ref_id:3] O Plano ... será ativado sempre que forem constatadas as condições e pressupostos que caracterizam um dos cenários de risco previstos... Após a decisão formal de ativar o Plano de Contingência ... as seguintes medidas serão desencadeadas...[ref_id:0] (não há menção a simulado/treinamento realizado com data, ata, relatório ou número de participantes no documento recuperado).","alta",""
"Capão do Leão","vermelho","semáforo (verde/vermelho)","nao","nao","Não há menção no documento a simulado/treinamento efetivamente realizado com data, ata, relatório ou número de participantes; o texto apenas descreve objetivos, procedimentos, recursos e abrigos do Plano de Contingência do município de Capão do Leão (ex.: ""Sensibilizar e capacitar a população para a adoção de medidas de prevenção e redução de riscos"") [ref_id:1][ref_id:0]","alta",""
"Carazinho","vermelho","semáforo (verde/vermelho)","sim","nao","""Serão realizados anualmente simulados de evacuação, oficinas de capacitação para servidores e ações educativas com a comunidade, com foco nos riscos identificados no município.""","alta",""
"Carlos Gomes","vermelho","semáforo (verde/vermelho)","nao","sim","Histórico de Recorrência: Eventuais na sede e em pontos específicos do município. Evento ocorrido em 2023 em grande proporção.","alta",""
"Casca","vermelho","semáforo (verde/vermelho)","sim","nao","“deve ser realizados exercícios simulados conjuntos, com pelo menos uma edição anual em Casca como prevê a Lei 12.608, de 10 de abril de 2012.” [ref_id:0]","alta",""
"Caseiros","vermelho","semáforo (verde/vermelho)","nao","nao","Não há menção a simulado/treinamento efetivamente realizado; o documento lista ações, responsabilidades, históricos de eventos e recursos, mas não descreve ""foi realizado o simulado"" nem apresenta ata/relatório/nº de participantes.","alta",""
"Centenário","vermelho","semáforo (verde/vermelho)","nao","nao","""5.3 Evacuação; assistência às vítimas com cadastramento via Secretaria Municipal da Assistência Social e alojamento em abrigos e casas de parentes."" [ref_id:3]","alta",""
"Cerrito","vermelho","semáforo (verde/vermelho)","sim","nao","Não menciona simulado realizado; contém apenas disposições/objetivos do plano e acionamento quando ocorrer evento adverso (""O plano será acionado quando ocorrer algum evento adverso no Município"") e não há ata, data de simulado, relatório ou número de participantes no documento recuperado","alta",""
"Cerro Branco","vermelho","semáforo (verde/vermelho)","nao","nao","O documento menciona ações de ""Formação e capacitação de recursos humanos"" e ""educação e treinamento"" e prevê monitoramento e acionamento do plano, mas não apresenta data, ata, relatório ou número de participantes de um simulado já realizado; ex.: ""5.1: Formação e capacitação de recursos humanos..."" [ref_id:1][ref_id:0]","alta",""
"Cerro Grande do Sul","vermelho","semáforo (verde/vermelho)","sim","nao","""deverão realizar exercícios simulados conjuntos, sob a coordenação da Diretoria de Defesa Civil da Secretaria e mediante autorização do Prefeito Municipal, emitindo relatório ao final"" [ref_id:0] e ""Participar das reuniões e simulados realizados pela Diretoria Municipal da Defesa Civil."" [ref_id:1]","alta",""
"Charqueadas","vermelho","semáforo (verde/vermelho)","sim","nao","“Os exercícios simulados são instrumentos de preparação para resposta. Funcionam como treinamento para a execução do Plano de Contingência, e por isso devem ocorrer após a sua elaboração ou atualização.” [ref_id:0] ""Se recomenda que os exercícios simulados, pelo seu caráter educativo (...) ocorram pelo menos uma vez ao ano."" [ref_id:10]","alta",""
"Charrua","vermelho","semáforo (verde/vermelho)","nao","nao","NÃO menciona simulados realizados; texto do plano descreve objetivos, riscos, dados do município e recursos, sem declaração de ""foi realizado o simulado"", ata, relatório ou nº de participantes encontrada no documento recuperado [ref_id:1][ref_id:3]","alta",""
"Chuvisca","vermelho","semáforo (verde/vermelho)","nao","nao","NÃO menciona simulados realizados; contém objetivos do plano e ativação em casos de ocorrência: ""O Plano de Contingência tem por objetivo, estabelecer os procedimentos a serem adotados pelos órgãos envolvidos na resposta as emergências..."" [ref_id:1] e lista recursos/recenseamento sem ata/relatório ou menção a simulado/treinamento realizado no passado. [ref_id:0]","alta",""
"Chuí","vermelho","semáforo (verde/vermelho)","sim","nao","“Compreende preparação de recursos humanos e interação com a comunidade; educação e treinamento das populações vulneráveis; e organização da cadeia de comando...”; “- Fazer levantamento do abrigo, no final de cada jornada, com número de desabrigados...”; não há menção de simulado realizado com data, ata, relatório ou nº de participantes.","alta",""
"Ciríaco","vermelho","semáforo (verde/vermelho)","nao","nao","Não menciona simulado realizado; conteúdo apresenta histórico de epidemia (COVID-19) e seções operacionais, sem ata/relatório ou afirmação de que ""foi realizado o simulado"" nem número de participantes. [ref_id:1][ref_id:3][ref_id:0]","alta",""
"Colinas","vermelho","semáforo (verde/vermelho)","sim","sim","""Deverão ser acionadas as equipes e instituições, conforme a necessidade relacionada pela COMDEC no momento da realização da cinemática local"" [ref_id:1] ; ""A todo o momento agentes da COMDEC colherão informações... Cada Relatório deverá conter no mínimo 2 fotos"" [ref_id:2] ; histórico de cheias e relatos de eventos reais (ex.: ""No evento de 04 de setembro de 2023 ... 180 famílias foram diretamente atingidas"" ) indicando resposta a eventos reais e não treinamento [ref_id:8]","alta",""
"Colorado","vermelho","semáforo (verde/vermelho)","nao","nao","Não há no documento nenhuma menção de simulado/exercício de evacuação efetivamente realizado com data, ata, relatório ou número de participantes; o texto descreve procedimentos, responsabilidades e que ""Acionamento da equipe responsável por guiar a população para o ponto de encontro"" e que o plano foi elaborado em ""MARÇO, 2025"" [ref_id:0][ref_id:1][ref_id:2]","alta",""
"Coqueiro Baixo","vermelho","semáforo (verde/vermelho)","sim","nao","Não há menção de simulado/treinamento realizado com data, ata, relatório ou número de participantes; o texto traz instruções de ativação do plano e que ""deverão"" ser desencadeadas medidas, além de listar ações (ex.: ""Após a decisão formal de ativar o Plano, as seguintes medidas serão desencadeadas:"") e recursos/abrigos, sem registrar simulado já realizado","alta",""
"Coxilha","vermelho","semáforo (verde/vermelho)","sim","nao","“5.4 Atuar na busca, salvamento e evacuação das pessoas atingidas pelo desastre;” — texto descreve atuação em resposta a desastres; e não há no documento nenhuma frase do tipo “foi realizado o simulado em <data>”, ata, relatório ou número de participantes nos trechos recuperados (N/A)","alta",""
"Cristal","vermelho","semáforo (verde/vermelho)","sim","nao","“Também deverá ser feita a remoção destas famílias expostas ao risco e realocadas nos abrigos cadastrados neste Plano” [ref_id:4] — texto indica ação prevista/obrigatória; não há citação de simulado já realizado com data, ata, relatório ou nº de participantes no documento recuperado [ref_id:7][ref_id:0]","alta",""
"Cruz Alta","vermelho","semáforo (verde/vermelho)","sim","nao","“Compreende preparação de recursos humanos e interação com a comunidade; educação e treinamento das populações vulneráveis;” [ref_id:4] — texto indica preparação/treinamento previsto; não há no documento citação de simulado efetivamente realizado com data, ata, relatório ou número de participantes (não encontrado). [ref_id:0][ref_id:13]","alta",""
"Cruzeiro do Sul","vermelho","semáforo (verde/vermelho)","sim","sim","“recomenda-se ... realizar simulações, capacitações e ações educativas periódicas.” [ref_id:5] “As maiores cheias da história ocorreram em (1) setembro de 2023: 29,5 m ... (3) maio de 2024: 34,00 m.” (histórico de cheias) [ref_id:7]","alta",""
"David Canabarro","vermelho","semáforo (verde/vermelho)","sim","nao","""Ações a serem desenvolvidas"" listam: ""acionar o Plano de Contingência"", ""remover pessoas de áreas de risco"" e similares — texto de procedimentos/ações; não há indicação de ata, relatório ou frase como ""foi realizado o simulado em <data>"" nos documentos recuperados; PLANCON versão indica ""ÚLTIMA ATUALIZAÇÃO: 26/05/2025"" (metadado do plano) [mas não é registro de simulado].","alta",""
"Dilermando de Aguiar","vermelho","semáforo (verde/vermelho)","sim","nao","""O Plano de Contingência de Proteção e Defesa Civil será ativado sempre que forem constatadas as condições e pressupostos que caracterizam um dos cenários de risco previstos."" [ref_id:3]","alta",""
"Dois Irmãos","vermelho","semáforo (verde/vermelho)","sim","nao","trechos do plano descrevem procedimentos e que ""organizar evacuação da população"" e que ""Rotas de Fuga"" não são pré-definidas; não há menção a simulado efetivamente realizado, ata, relatório ou número de participantes nos documentos recuperados. Ex.: ""organizar evacuação da população""[ref_id:0] ""ROTAS DE FUGA: ... não há necessidade de predefinir rotas oficiais""[ref_id:3] ""Evacuação de áreas de risco: equipes devem ...""[ref_id:7]","alta",""
"Dois Lajeados","vermelho","semáforo (verde/vermelho)","sim","N/A","""Findo o período de emergência, será realizada reunião de encerramento para apreciação dos resultados das ações executadas, identificação de eventuais fragilidades e elaboração do Relatório Pós-Evento""","alta",""
"Dom Feliciano","vermelho","semáforo (verde/vermelho)","nao","nao","Não há menção a simulado/treinamento realizado; o documento traz objetivos, acionadores e áreas de risco, mas não descreve ""foi realizado o simulado"" nem ata/relatório/nº de participantes [ref_id:0][ref_id:1][ref_id:2]","alta",""
"Dona Francisca","vermelho","semáforo (verde/vermelho)","sim","nao","""Serão deflagradas as atividades de acordo com o planejamento estabelecido para cada Cenário.""","alta",""
"Doutor Ricardo","vermelho","semáforo (verde/vermelho)","nao","N/A","O documento lista ações, áreas de risco, abrigos, recursos e assinaturas do plano, mas não informa que ""foi realizado"" qualquer simulado; não há ata, relatório, data de realização de exercício ou número de participantes mencionados no conteúdo recuperado. [ref_id:0][ref_id:1][ref_id:3]","alta",""
"Eldorado do Sul","vermelho","semáforo (verde/vermelho)","sim","sim","Material complementar ao presente Plancon... tem como base e foco a enchente ocorrida em maio de 2024.","alta",""
"Encantado","vermelho","semáforo (verde/vermelho)","sim","nao","""testadas por meio de simulados comunitários, com acompanhamento da Defesa Civil e participação das equipes locais."" [ref_id:0] ""Utilizados em ações de educação e simulação comunitária com o apoio dos NUPDECs;"" [ref_id:2] ""Incorporar lições aprendidas em emergências reais e simulados."" [ref_id:2]","alta",""
"Encruzilhada do Sul","vermelho","semáforo (verde/vermelho)","sim","nao","O PLANO DE CONTINGENCIA DEVE SER ACIONADO... (descrição de quando acionar) e não há menção a simulado já realizado; termos indicativos de previsão/obrigatoriedade como 'DEVE SER ACIONADO' aparecem no documento","alta",""
"Erebango","vermelho","semáforo (verde/vermelho)","sim","nao","Não há menção de simulado/treinamento efetivamente realizado; o documento descreve procedimentos a adotar, ativação do plano e responsabilidades (ex.: ""O Plano de Contingência... será ativado...""), e ações a serem desenvolvidas (ex.: ""Realizar... busca, resgate, salvamento e socorro às vítimas""), mas não registra ata, data de realização, relatório ou número de participantes de um simulacro realizado.","alta",""
"Erechim","vermelho","semáforo (verde/vermelho)","sim","nao","o Plano descreve ações e que ""deverá ser ativado"" e procedimentos a adotar e indica periodicidade/obrigações, mas não apresenta declaração de que ""foi realizado o simulado"" nem ata/relatório/nº de participantes no documento recuperado (ex.: ""O Plano de Contingência ... será ativado sempre que forem constatadas as condições"" ) [ref_id:2][ref_id:0]","alta",""
"Ernestina","vermelho","semáforo (verde/vermelho)","sim","nao","“Após a decisão formal de ativar o Plano, as seguintes medidas serão desencadeadas:” [ref_id:1] — texto descreve acionamento/ações a serem feitas; não há menção a simulado realizado com data, ata, relatório ou nº de participantes nos documentos recuperados [ref_id:0][ref_id:2][ref_id:3].","alta",""
"Espumoso","vermelho","semáforo (verde/vermelho)","sim","nao","Section 3 (Quando deve ser desencadeado?): brief text explaining when the plan is activated (on detection of risk conditions or evolution/monitoring of an event).","alta",""
"Estação","vermelho","semáforo (verde/vermelho)","sim","nao","O Plano descreve procedimentos e fases (monitoramento, alerta, alarme, evacuação) e indica responsabilidades e recursos, mas não relata realização de simulados: ""O Plano de Contingencia estabelece os procedimentos a serem adorados..."" e não há menção a simulado realizado com data, ata ou número de participantes.","alta",""
"Esteio","vermelho","semáforo (verde/vermelho)","sim","nao","“deverão realizar exercícios simulados conjuntos, sob a coordenação da Diretoria de Defesa Civil ... emitindo relatório ao final”[ref_id:0][ref_id:0]","alta",""
"Estrela Velha","vermelho","semáforo (verde/vermelho)","sim","N/A","O documento inclui instruções e ações a serem desenvolvidas (ex.: ""Que ações devem ser desenvolvidas""; ações 5.1–5.5) e declara periodicidade/obrigações implícitas, mas não apresenta registro de realização de simulado, ata, relatório ou número de participantes — não há frase como ""foi realizado o simulado em <data>"" nem ata/relatório anexado nos trechos recuperados","alta",""
"Estrela","vermelho","semáforo (verde/vermelho)","sim","nao","“Para melhoria do seguinte Plano, os órgãos envolvidos na sua elaboração e aplicação deverão realizar exercícios simulados conjuntos 01 vez ao ano, sob a coordenação do COMPDEC, emitindo relatório ao final de cada exercício…”","alta",""
"Estância Velha","vermelho","semáforo (verde/vermelho)","sim","nao","Para melhorias e concretização do Plano de Contingência, os órgãos envolvidos na sua elaboração e aplicação deverão realizar exercícios simulados em conjunto, duas vezes ao ano, sendo um exercício parcial (mesa) e um exercício geral, sob a coordenação da Coordenadoria Municipal de Proteção e Defesa Civil. Será emitido um relatório ao final de cada exercício, destacando os pontos do Plano que merecerão alteração ou reformulação, bem como as dificuldades encontradas na sua execução. (trechos do plano que preveem realização de exercícios simulados)","alta",""
"Faxinal do Soturno","vermelho","semáforo (verde/vermelho)","sim","nao","""Treinamento e simulações de evacuação."" [ref_id:0]","alta",""
"Fazenda Vilanova","vermelho","semáforo (verde/vermelho)","nao","nao","Não há menção de simulado realizado; o documento descreve ações, recursos, lista de abrigos e data do plano: ""Fazenda Vilanova, 24 de outubro de 2025.""","alta",""
"Feliz","vermelho","semáforo (verde/vermelho)","sim","nao","Nenhuma página do plano descreve um simulado/treinamento de evacuação efetivamente realizado; o documento traz redações sobre quando o plano é acionado e recursos/estoque, e indica que devem ser acionados em eventos (ex.: ""Quando deve ser desencadeado (Quando?)"" / critérios de enchente e deslizamento) e lista recursos e inventário, sem ata, relatório, data de simulado ou número de participantes.","alta",""
"Floriano Peixoto","vermelho","semáforo (verde/vermelho)","sim","nao","O Plano descreve ações como ""Realizar a remoção de pessoas das áreas de risco"", ""Realizar atividades de busca, resgate e salvamento"" e contém histórico de ocorrências (ex.: ""Ocorreu nos anos 2014, 2016, 2017,2018 e 2023""), mas não há indicação literal de simulado/treinamento realizado com data, ata ou relatório. [ref_id:0][ref_id:1][ref_id:3]","alta",""
"Fontoura Xavier","vermelho","semáforo (verde/vermelho)","sim","sim","No documento o termo ""simulado"" ou registro de exercício realizado com data/ata/relatório ou número de participantes não é apresentado; o plano descreve que ""Durante o período chuvoso, a Defesa Civil Municipal monitora a previsão do tempo"" e prevê ações como ""Remoção de Famílias em risco eminente"" e procedimentos de alerta/acionamento, e relata evento real: ""foi decretada Situação de Calamidade... em maio de 2024"" indicando resposta a evento real, não descrição de simulado realizado[ref_id:1][ref_id:5][ref_id:13]","alta",""
"Formigueiro","vermelho","semáforo (verde/vermelho)","sim","nao","seções do plano descrevem quando deve ser desencadeado e áreas de risco; não há menção a simulado realizado com data, ata ou relatório — por exemplo: 'Quando deve ser desencadeado? ... quando ocorrerem condições de risco ou eventos (chuva intensa, granizo, vento forte ou temporais) que obriguem pessoas a serem evacuadas ou deslocadas.'","alta",""
"Forquetinha","vermelho","semáforo (verde/vermelho)","sim","nao","Não há menção de simulado realizado; o documento traz exigências/rotinas e ativação do plano (ex.: ""Tendo-se como premissa o acompanhamento constante... fica estabelecido que o Plano de Contingência será efetivamente ativado após consolidadas as fases de Alerta e Alarme."") [ref_id:1]","alta",""
"Fortaleza dos Valos","vermelho","semáforo (verde/vermelho)","sim","nao","Não há menção de simulado realizado; o texto usa linguagem de acionamento e ações a serem desenvolvidas (ex.: ""Quando o plano será acionado?""; ""Este Plano ... será desencadeado em situação crítica e emergencial"") e instruções para ações (ex.: ""5.2 - Retirar as pessoas e encaminhar para abrigo seguro"") [ref_id:0][ref_id:3]","alta",""
"Gaurama","vermelho","semáforo (verde/vermelho)","sim","nao","Não há menção a simulado/treinamento já realizado; o texto descreve procedimentos de evacuação e que ""Evacuação; assistência às vítimas com cadastramento via Secretaria Municipal da Assistência Social e alojamento em abrigos e casas de parentes."" e orientações para ativação do plano, sem ata, data de realização, relatório ou número de participantes referentes a um simulado realizado.","alta",""
"Gentil","vermelho","semáforo (verde/vermelho)","sim","nao","""Este Plano foi desenvolvido a partir das análises de risco..."" e trechos que descrevem procedimentos e responsabilidades, sem indicar realização de simulados: não há menção a simulado realizado, ata, relatório ou número de participantes no documento recuperado.","alta",""
"Getúlio Vargas","vermelho","semáforo (verde/vermelho)","nao","nao","NÃO há menção a simulado realizado; o documento descreve procedimentos, responsabilidades, lista de abrigos e recursos, sem ata, data de simulado, relatório ou número de participantes","alta",""
"Glorinha","vermelho","semáforo (verde/vermelho)","sim","nao","""confeccionar o Plano de Contingência e seu simulado.""[ref_id:0] ""Ainda é uma atribuição do município estabelecida ... confeccionar o Plano de Contingência e seu simulado.""[ref_id:1]","alta",""
"Gramado Xavier","vermelho","semáforo (verde/vermelho)","sim","nao","“5.3 – Evacuação; assistência às vítimas com cadastramento via Secretaria Municipal da Assistência Social e alojamento em abrigos e casas de parentes.” [ref_id:0] ""Após a decisão formal de ativar o Plano, as seguintes medidas serão desencadeadas: • O COMPDEC ativará o plano de chamada, a sala de situação e a compilação das informações delineadas."" [ref_id:1] ""PLANO DE CONTINGÊNCIA ... MAIO/2025."" (data do documento) [ref_id:2]","alta",""
"Gravataí","vermelho","semáforo (verde/vermelho)","sim","nao","""Para melhoria do Plano de Contingência, os órgãos envolvidos na sua elaboração e aplicação deverão realizar exercícios simulados conjuntos uma vez ao ano, sob a coordenação da Coordenadoria Municipal de Proteção e Defesa Civil, emitindo relatório ao final""","alta",""
"Guaíba","vermelho","semáforo (verde/vermelho)","sim","nao","“Além disso, devem ser realizados exercícios simulados conjuntos, com, pelo menos, uma edição anual em como prevê a Lei N° 12.608 de 10 de abril de 2012.” [ref_id:0] ""A evacuação é acionada sempre pelo Prefeito ou o Coordenador da COMDEC..."" (descrição de acionamento real no evento) [ref_id:2]","alta",""
"Harmonia","vermelho","semáforo (verde/vermelho)","sim","nao","""o PLACON prevê o método de atuação...""; ""Compdec- Ativação do plano de emergência para retirar população das áreas de risco, ativando forças emergências de socorro às vítimas""","alta",""
"Herval","vermelho","semáforo (verde/vermelho)","sim","N/A","Não há menção a simulado realizado; o plano lista ações (5.1–5.5) e orientações, e contém identificação de abrigos e recursos, mas não descreve ""foi realizado o simulado"" nem ata/relatório/nº de participantes [ref_id:0][ref_id:2][ref_id:4][ref_id:3][ref_id:5][ref_id:1]","alta",""
"Herveiras","vermelho","semáforo (verde/vermelho)","sim","nao","“Plano de evacuação definido e ensaiado periodicamente.” e “Treinar as equipes municipais e brigadas voluntárias para resposta a vazamentos, incêndios e evacuação.”","alta",""
"Ibarama","vermelho","semáforo (verde/vermelho)","nao","nao","Não há no documento menção de que ""foi realizado o simulado"" nem ata/relatório ou número de participantes; o Plano contém ações, listas de abrigos, recursos e instrução para realização de ações (ex.: itens 5.1–5.9 sobre acolhimento, distribuição e plantão de saúde) e indicação de aprovação em 22/05/2024, sem registro de simulado realizado [ref_id:1][ref_id:3][ref_id:8]","alta",""
"Ibiaçá","vermelho","semáforo (verde/vermelho)","nao","nao","não menciona realização de simulados; contém ações a serem desenvolvidas como ""5. Que ações devem ser desenvolvidas: ... 5.1–5.7"" e orientações para ""organizar... busca, salvamento e evacuação"" e indica recursos/contatos, mas não há frase do tipo ""foi realizado o simulado em <data>"", ata ou relatório com número de participantes nos documentos recuperados.","alta",""
"Ibiraiaras","vermelho","semáforo (verde/vermelho)","sim","nao","“5.1 Prevenção/Monitoramento/Observação: ... public information and awareness campaigns ...” e “o Plano poderá ser revisto anualmente ou sempre que necessário” — não há indicação de simulado realizado, apenas ações a desenvolver e previsão de revisão/ações futuras; registro de aprovação em reunião COMDEC em 12 de dezembro de 2017.” [ref_id:5][ref_id:6]","alta",""
"Ibirapuitã","vermelho","semáforo (verde/vermelho)","sim","nao","“8. TREINAMENTOS E SIMULAÇÕES • Realização de exercícios semestrais de emergência • Capacitação das equipes técnicas e voluntárias • Programas de conscientização comunitária”","alta",""
"Ibirubá","vermelho","semáforo (verde/vermelho)","nao","N/A","Não há menção no plano a simulado efetivamente realizado; documento inclui identificação de ações como ""5.1 Evacuação"" em quadro de responsabilidades e capa datada ""JULHO / 2023"", sem indicação de ata, relatório, data de realização ou número de participantes de um simulado realizado no passado","alta",""
"Igrejinha","vermelho","semáforo (verde/vermelho)","sim","nao","Além disso, devem ser realizados exercícios simulados conjuntos, com pelo menos uma edição anual em Igrejinha como prevê a Lei Nº 12.608, de 10 de Abril de 2012.","alta",""
"Ilópolis","vermelho","semáforo (verde/vermelho)","nao","nao","O documento lista ações, organização, áreas de risco e recursos, mas não registra nenhum ""simulado"" realizado nem data/ata/relatório de exercício; ex.: ""Que ações devem ser desenvolvidas: 5.1–5.6 ..."" e o documento contém formulário/identificação de pessoas e recursos datado ""Ilópolis, outubro de 2025"" sem mencionar simulado realizado","alta",""
"Imigrante","vermelho","semáforo (verde/vermelho)","sim","nao","""O referido plano deverá ser acionado em cenários adversos, que causam danos sociais e de riscos a desastres."" [ref_id:3] ""6. Identificação das Pessoas:"" (lista de responsáveis) — não há menção de simulado realizado ou ata/relatório/participantes no documento recuperado. [ref_id:2][ref_id:0]","alta",""
"Ipiranga do Sul","vermelho","semáforo (verde/vermelho)","nao","nao","Não há menção de simulado realizado; o documento descreve ações (ex.: ""5.3 — Evacuação; assistência a vítimas com registro...""), planejamento, responsáveis e abrigos, e contém instruções de acionamento do plano, mas não relata realização de exercício, ata, data ou número de participantes — ex.: ""Quando deve ser desencadeado... COMDEC irá ativar procedimentos de chamada e o posto de comando...""","alta",""
"Itaara","vermelho","semáforo (verde/vermelho)","nao","N/A","N/A","alta",""
"Itapuca","vermelho","semáforo (verde/vermelho)","sim","N/A","O documento descreve procedimentos, contatos, acionamento e recursos do plano de contingência, mas não relata realização de exercício/simulado com data/relatório/ata ou número de participantes; exemplos de trechos: ""Quando deve ser desencadeado"" (ativação do COMDEC) e seções de recursos/abrigos/alertas, sem menção a simulado realizado.","alta",""
"Ivorá","vermelho","semáforo (verde/vermelho)","sim","N/A","""Plano de Contingência... elaborado previamente para facilitar o atendimento em situação de emergência, minimizar os efeitos e estabelecer procedimentos das instituições responsáveis pela resposta e operacionalizar/recomendar/ padronizar as atividades de monitoramento, alerta e resposta""","alta",""
"Ivoti","vermelho","semáforo (verde/vermelho)","sim","nao","""O Plano Municipal de Contingência de Ivoti tem como finalidade principal, orientar as ações de preparação e resposta às emergências e desastres..."" e seções listam procedimentos, acionamentos e evacuação, sem indicação de simulado realizado (apenas previsão/estrutura) [ref_id:2][ref_id:0]","alta",""
"Jacuizinho","vermelho","semáforo (verde/vermelho)","nao","nao","Documento contém ações previstas como ""5.1 Evacuação da área de risco"" e indicação de ativação do plano quando ocorrerem desastres, e não há texto afirmando que um simulado foi realizado (não há frase tipo ""foi realizado o simulado em <data>"", ata ou relatório de participantes)"" [ref_id:2][ref_id:0]","alta",""
"Jaguari","vermelho","semáforo (verde/vermelho)","nao","sim","cotas máximas históricas: 1984 atingiu 15,70mts, 2024 atingiu 13,80mts e 2025 atingiu 13 mts .","alta",""
"Jaguarão","vermelho","semáforo (verde/vermelho)","sim","nao","“Além disso, devem ser realizados exercícios simulados conjuntos, com pelo menos uma edição anual em Jaguarão como prevê a Lei Nº 12.608, de 10 de abril de 2012.” [ref_id:1]","alta",""
"Jari","vermelho","semáforo (verde/vermelho)","sim","nao","Não há menção de simulado/treinamento realizado; o documento descreve procedimentos e que ""O Plano de Contingência ... será ativado"" e lista ações/atribuições dos órgãos, sem indicar que ""foi realizado o simulado"" nem apresentar ata/relatório ou nº de participantes.","alta",""
"Júlio de Castilhos","vermelho","semáforo (verde/vermelho)","sim","nao","7 - AÇÕES QUE DEVERÃO SER DESENVOLVIDAS: (tabela contendo ações e responsáveis)"" e trecho ""Prevenção"" que menciona ""treinamento de agentes de defesa civil"" como ação preventiva — não há menção a simulado efetivamente realizado, data, ata ou relatório","alta",""
"Lagoa Bonita do Sul","vermelho","semáforo (verde/vermelho)","sim","N/A","Section 5 (Que ações devem ser desenvolvidas?): heading asking what actions should be developed; a short note mentions activities/actions to be detailed in a following table.[ref_id:0][ref_id:1]","alta",""
"Lagoa Vermelha","vermelho","semáforo (verde/vermelho)","nao","nao","NÃO menciona realização de simulado: plano descreve atividades, estoques, alarmes e acionamento, mas não apresenta frase do tipo ""foi realizado o simulado em <data>"", ata ou relatório de simulado realizado","alta",""
"Lagoa dos Três Cantos","vermelho","semáforo (verde/vermelho)","nao","nao","""DOCUMENTOS: Nenhum documento foi anexado."" [ref_id:1]","alta",""
"Lagoão","vermelho","semáforo (verde/vermelho)","sim","N/A","5.3 - Evacuação; assistência às vítimas com cadastramento via Secretaria Municipal da Assistência Social e alojamento em abrigos e casas de parentes.","alta",""
"Lajeado","vermelho","semáforo (verde/vermelho)","sim","nao","“Acionar as equipes voluntárias; Ao final do evento, promover reunião com todos os secretarios na sede da Defesa Civil para entrega de relatórios e ajustes do protocolo; Após o evento, cada secretaria deverá fornecer relatório das ações realizadas, bem como sugestões de melhora.” [ref_id:4][ref_id:3]","alta",""
"Lindolfo Collor","vermelho","semáforo (verde/vermelho)","nao","sim","Descrição: Equipe tecnica da Assistencia Social e Defesa Civil fez levantamento dos locais atingidos. / Descrição: Remover moradores em situação de emergencia / Procedimento: Bombeiros, defesa civil e voluntarios trabalhando na remoção de moradores em situação de risco.","alta",""
"Linha Nova","vermelho","semáforo (verde/vermelho)","sim","nao","""Treinar equipes de resposta e realizar exercícios simulados"" [ref_id:11]","alta",""
"Machadinho","vermelho","semáforo (verde/vermelho)","sim","nao","""No ano de 2024, serão realizados testes externos com a população."" [ref_id:6]","alta",""
"Maratá","vermelho","semáforo (verde/vermelho)","sim","nao","O documento descreve orientações e previsões de realização de ações e monitoramento, mas não relata simulado realizado no passado nem ata/relatório/número de participantes: ""Que ações devem ser desenvolvidas"" (lista de orientações) e ""o plano será revisado anualmente..."" (vigência/revisões) — não há frase do tipo ""foi realizado o simulado em <data>"" nem atas/relatórios de exercício.","alta",""
"Marau","vermelho","semáforo (verde/vermelho)","sim","sim","No mês de setembro de 2023, nosso Município decretou situação de emergência em razão das chuvas intensas. Tivemos desabrigados e desalojados, além de grandes prejuízos materiais.","alta",""
"Marcelino Ramos","verde","semáforo (verde/vermelho)","nao","nao","""Na data de 22 de junho de 2024, foi executado um simulado, na comunidade de Linha São Paulo, em Piratuba /SC."" [ref_id:0]","alta",""
"Mariana Pimentel","vermelho","semáforo (verde/vermelho)","sim","nao","O documento apresenta diretrizes, atribuições e procedimentos e usa linguagem de previsão/obrigação (ex.: ""Estabelecer os roteiros alternativos de deslocamento das equipes, do Plano de Contingência;"", ""Indicar locais para abrigamento;"") e não contém menção a simulado realizado com data, ata, relatório ou número de participantes no texto recuperado.","alta",""
"Marques de Souza","vermelho","semáforo (verde/vermelho)","sim","nao","O documento orienta procedimentos e rotinas de resposta e menciona treinamentos/simulados apenas como obrigação/planejamento — por exemplo: ""Objetivos do Plano de Contingência: ... prevenção, preparação, resposta e recuperação (PEPDEC 2024)."" e o plano descreve rotas de fuga, abrigos, equipe e atribuições, mas não traz registro de data/ata/relatório/nº de participantes de um simulado realizado no passado; não há menção de ""foi realizado o simulado em"" nem ata ou relatório de exercício realizado nos documentos fornecidos"" [ref_id:0][ref_id:1][ref_id:4]","alta",""
"Mata","vermelho","semáforo (verde/vermelho)","nao","nao","Não há menção a simulado/treinamento efetivamente realizado com data, ata, relatório ou número de participantes no documento; aparecem apenas procedimentos, responsabilidades, abrigos e referências a eventos passados (ex.: ""Em 2017 foi atingida por vendaval."") [ref_id:0][ref_id:1]","alta",""
"Mato Castelhano","vermelho","semáforo (verde/vermelho)","sim","sim","O documento descreve eventos reais (ex.: ""Um exemplo grave ocorreu em 2023, quando, em razão das chuvas intensas ... o Rio Piraçuce transbordou, ..."" ) e indica procedimentos e ativações previstas/obrigatórias (ex.: ""A ativação do PLANCON será determinada formalmente pelo Coordenador Municipal...""; ""será realizada via rádio, carros de som, site oficial e redes sociais"").","alta",""
"Mato Leitão","vermelho","semáforo (verde/vermelho)","sim","nao","O documento menciona ações de evacuação e procedimentos a serem desenvolvidos, mas não relata realização de simulados/treinamentos: ""5.3 Evacuação : assistência as vitimas via Secretaria de Assistência Social , alojamento em abrigos e casa de parentes caso necessário"" e não há frases como ""foi realizado o simulado"" nem atas/relatórios ou nº de participantes no texto recuperado","alta",""
"Maximiliano de Almeida","vermelho","semáforo (verde/vermelho)","sim","nao","“O PLANCON será ativado sempre que forem constatadas as condições e pressupostos... O plano indica o que está previsto ser feito, em caso de necessidade.”","alta",""
"Minas do Leão","vermelho","semáforo (verde/vermelho)","nao","nao","Não há menção a simulado/treinamento efetivamente realizado; o documento descreve ações e procedimentos (ex.: ""5. Que ações devem ser desenvolvidas"") e responsabilidades, sem ata, data de realização, relatório ou número de participantes que comprovem simulado realizado.","alta",""
"Montenegro","vermelho","semáforo (verde/vermelho)","sim","nao","Deverão ser acionadas as equipes e instituições, conforme a necessidade pela COMDEC no momento da realização da cinemática local.","alta",""
"Mormaço","vermelho","semáforo (verde/vermelho)","sim","nao","""O presente Plano foi elaborado ... estabelecer os procedimentos a serem adotados ... realizar as ações para a criação e manutenção das condições necessárias""; ""O PLANCON será ativado sempre que forem constatadas as condições e pressupostos que caracterizam um dos cenários de risco previstos""","alta",""
"Morro Redondo","vermelho","semáforo (verde/vermelho)","sim","nao","O documento indica diretrizes sobre simulados/ativação do plano com frases de obrigação e ativação do plano, mas não apresenta registro de realização: ex.: ""O Plano será ativado sempre que forem constatadas as condições e pressupostos..."" e o plano descreve fases e responsabilidades sem ata/relatório/registro de simulado realizado.","alta",""
"Morro Reuter","vermelho","semáforo (verde/vermelho)","sim","nao","""Este plano tem por objetivo: - Definir ações emergenciais a serem tomadas em caso de risco à população.""[ref_id:0] ""Quando o plano será acionado? ... Esse plano deverá ser desencadeado em situação crítica e emergencial... A partir do momento em que se gera um alerta de uma situação de desastre, emergência e calamidade pública ...""[ref_id:1]","alta",""
"Muliterno","vermelho","semáforo (verde/vermelho)","sim","nao","“Promover simulados com fins a preparar as ações de resposta.” [ref_id:0] Não há menção de simulado efetivamente realizado com data, ata, relatório ou número de participantes no documento recuperado; o texto apenas orienta promover simulados (previsto). [ref_id:2][ref_id:3]","alta",""
"Nicolau Vergueiro","vermelho","semáforo (verde/vermelho)","nao","nao","NÃO há menção a simulado realizado; o documento contém orientações sobre acionamento do plano e riscos comuns, mas não relata ""foi realizado o simulado"", ata, relatório ou número de participantes","alta",""
"Nova Alvorada","vermelho","semáforo (verde/vermelho)","sim","nao","""Nova Alvorada, 29 de maio de 2025.""","alta",""
"Nova Bréscia","vermelho","semáforo (verde/vermelho)","sim","nao","O Plano descreve ações e responsabilidades e menciona monitoramento/alerta e retirada das famílias, mas não apresenta registro de simulado realizado; ex.: ""5.1 Monitoramento/alerta""; ""5.2 Retirada das famílias se houver necessidade""; e o documento é um PLANO DE CONTINGÊNCIA datado JULHO / 2025 sem ata, relatório ou indicação de que um simulado já foi realizado.","alta",""
"Nova Esperança do Sul","vermelho","semáforo (verde/vermelho)","sim","nao","5.1 Emitir Alertas e Alarme; 5.2 Socorro e Auxílio às pessoas atingidas; 5.3 Reabilitação dos cenários; 5.4 Redução dos danos e prejuízos; 5.5 Organização de documentação referente ao evento","alta",""
"Nova Hartz","vermelho","semáforo (verde/vermelho)","sim","nao","“5.3 Treinamento com alunos e professores, nas redes de ensino, para uma possível evasão.”","alta",""
"Nova Palma","vermelho","semáforo (verde/vermelho)","sim","nao","O documento lista ações e responsabilidades incluindo ""evacuar pessoas de áreas de risco (resgate, atendimento pré‑hospitalar e retirada/evacuação)"" e recomenda ""recomenda revisão periódica""; não há menção de simulado realizado com data, ata, relatório ou número de participantes nos documentos recuperados (ex.: itens de ações 5.1–5.9 e 6.1–6.24) [ref_id:0][ref_id:2][ref_id:1][ref_id:5]","alta",""
"Nova Santa Rita","vermelho","semáforo (verde/vermelho)","sim","nao","""chama para realização de reuniões periódicas entre os órgãos participantes para aperfeiçoamento das ações e para a realização de exercícios conjuntos de simulação, conforme Lei Nº 12.608, de 10 de Abril de 2012."" [ref_id:1] ""O Plano... define procedimentos a serem adotados pelos órgãos envolvidos na resposta... cita base legal (Lei nº 12.608, 10 de Abril de 2012) que exige planos e simulações."" [ref_id:0]","alta",""
"Novo Cabrais","vermelho","semáforo (verde/vermelho)","sim","nao","O Plano indica procedimentos e responsabilidades e diz que o Plano será ativado pelo Prefeito e/ou Coordenador quando constatadas as condições que caracterizam cenários de risco... (ativação por ocorrência de evento adverso inundação/alagamento, enxurrada, vendaval)"" e contém instruções gerais e listas de recursos/abrigos, mas não apresenta ata, relatório, data ou número de participantes de um simulado realizado no passado.","alta",""
"Novo Hamburgo","vermelho","semáforo (verde/vermelho)","sim","sim","“É uma atribuição do município estabelecido na Lei Nº 12.608, de 10 de Abril de 2012, confeccionar o Plano de Contingência e seu simulado.” [ref_id:0] ""Este Plano de Contingência contempla ações com base em informações e levantamento de dados referente a inundações de maio de 2024, danos humanos e materiais..."" [ref_id:3]","alta",""
"Não-Me-Toque","vermelho","semáforo (verde/vermelho)","sim","nao","""Nenhum documento foi anexado."" [ref_id:0][ref_id:2] e ações listadas como responsabilidades/atividades a serem desenvolvidas (ex.: ""Açôês a serêm desê$/olüdas"" / ""Dispor de veículos para transporte...""), sem menção a simulado já realizado ou ata/relatório/ data de exercício realizado. [ref_id:2][ref_id:1]","alta",""
"Paim Filho","vermelho","semáforo (verde/vermelho)","sim","nao","“O Plano de Contingência ... visa facilitar respostas às situações de socorro” e trechos que usam linguagem de obrigatoriedade/previsão como ""deverão""/""serão desencadeadas"" e não apresentam ata, relatório, data de realização ou número de participantes; não há menção de simulado realizado no passado no documento recuperado","alta",""
"Pantano Grande","vermelho","semáforo (verde/vermelho)","nao","nao","NÃO há menção no documento recuperado a um ""simulado"" efetivamente realizado com data, ata, relatório ou número de participantes; o plano descreve objetivos, quem aciona e quando deve ser desencadeado, sem relatar exercício realizado","alta",""
"Paraíso do Sul","vermelho","semáforo (verde/vermelho)","sim","N/A","O documento descreve treinamento e preparação (""preparar e manter condições necessárias, apoiar resgates, resposta e reconstrução através de treinamento, preparação de recursos e coordenação"") e ações a serem desenvolvidas (""Convocar órgãos..., preparar instalações para emergência; elaborar boletins...; fazer levantamento de abrigos e necessidades""), mas não apresenta declaração de simulado efetivamente realizado, ata, relatório ou data de exercício realizado.","alta",""
"Pareci Novo","vermelho","semáforo (verde/vermelho)","sim","nao","O documento contém instruções sobre ativação do plano e responsabilidades e várias menções a ações (remoção de pessoas, organização de abrigos, mobilizar recursos), mas não descreve nenhum ""simulado"" efetivamente realizado; trechos relevantes: ""ATIVAÇÃO DO PLANO"" (quando deve ser desencadeado?) e lista de ações operacionais/recursos sem ata, data, relatório ou número de participantes de exercício/treinamento apresentados","alta",""
"Parobé","vermelho","semáforo (verde/vermelho)","sim","nao","Não há menção a simulados realizados; o documento usa linguagem de ação e previsão (ex.: ""deverá ser encaminhado a Defesa Civil - DC em 5 dias após o incidente"") e descreve ações de resposta a desastres (ex.: ""É realizado pelo Corpo de Bombeiros, Brigada Militar e servidores do município""), sem indicação de simulado/treinamento realizado com data, ata, relatório ou número de participantes.","alta",""
"Passa Sete","vermelho","semáforo (verde/vermelho)","sim","nao","Não há menção a simulado realizado; o documento descreve medidas, formação de força-tarefa e orientações/prevenções e lista recursos e contatos (ex.: ""formando força-tarefa para socorro imediato em desastres"", ""trabalho de prevenção e conscientização""), sem indicar data/ata/relatório ou número de participantes de um simulado realizado. [ref_id:1][ref_id:0][ref_id:6]","alta",""
"Passo Fundo","vermelho","semáforo (verde/vermelho)","sim","nao","“Para a melhoria do plano Municipal de Contingência ... realizarão, anualmente, exercícios simulados conjuntos, sob a coordenação da Coordenadoria Municipal de Proteção e Defesa Civil (COMPDEC), mediante autorização do Prefeito Municipal, emitindo Relatório final...” [ref_id:0]","alta",""
"Passo do Sobrado","vermelho","semáforo (verde/vermelho)","sim","N/A","Documento apresenta ações a serem desenvolvidas (ex.: ""5.1 Acionamento do Plano de Contingência; 5.2 Verificar danos humanitários; 5.3 Verificar danos em estradas, rodovias, pontes; 5.4 Prestar assistência às vítimas."") e listas de abrigos/recursos, sem menção a simulado realizado, ata, relatório ou número de participantes.","alta",""
"Paverama","vermelho","semáforo (verde/vermelho)","sim","nao","“Após a decisão formal de ativação do Plano, as seguintes medidas serão imediatamente desencadeadas...” [ref_id:0][ref_id:1] — e não há menção a simulado efetivamente realizado com data, ata, relatório ou nº de participantes no documento recuperado; o texto descreve procedimentos, ativação e responsabilidades, além de abrigos e recursos, mas não relata que um simulado foi realizado no passado.","alta",""
"Pedras Altas","vermelho","semáforo (verde/vermelho)","sim","nao","“Com base nas informações contidas nos relatórios, os órgãos participantes reunir-se-ão para elaborar a revisão do plano, lançando uma nova versão, que deverá ser distribuídas aos órgãos de interesse.” [ref_id:2]","alta",""
"Pedro Osório","vermelho","semáforo (verde/vermelho)","N/A","N/A","NÃO encontrado no documento recuperado qualquer registro de simulado/exercício de evacuação realizado (ata, relatório, data ou nº de participantes). O plano recuperado contém capa e dados cadastrais do Município de PEDRO OSÓRIO/RS, sem menção a simulados realizados.","alta",""
"Pelotas","vermelho","semáforo (verde/vermelho)","sim","nao","Texto apresenta procedimentos, responsabilidades, protocolos e indicação de que órgãos ""acionarão"" protocolos, salas de operações e realização de vistorias, mas não registra frase afirmando que ""foi realizado o simulado"" nem ata/relatório/nº de participantes. Ex.: ""o Gabinete da Prefeita, via Defesa Civil, acionará a chamada, o posto de comando e compilará informações para as equipes, e que órgãos mobilizados ativarão seus protocolos internos."" [ref_id:22] e ""a sala de operações recebe pedidos, pode despachar a equipe de vistoria..."" [ref_id:2][ref_id:21]","alta",""
"Pinhal Grande","vermelho","semáforo (verde/vermelho)","sim","nao","O documento indica medidas e responsabilidades e prevê ações (ex.: ""Que ações devem ser desenvolvidas? (O quê?)"" e itens 5.1–5.5) e contém data do plano (setembro de 2025) mas não apresenta texto afirmando que um simulado/treinamento foi efetivamente realizado com data, ata, relatório ou número de participantes; não há menção como ""foi realizado o simulado em <data>"" nem ata/relatório de exercício realizado.","alta",""
"Pinheiro Machado","vermelho","semáforo (verde/vermelho)","sim","nao","Seção 5 — 'Que ações devem ser desenvolvidas' lista ações como 5.1 Contato imediato..., 5.3 Locomoção imediata ao local do sinistro; não há menção a simulado realizado, ata, relatório ou número de participantes nos documentos do Plano Municipal de Contingência de Pinheiro Machado.","alta",""
"Piratini","vermelho","semáforo (verde/vermelho)","nao","nao","não menciona simulados realizados, apresenta seções de ativação, responsabilidades, abrigos e recursos, e itens como 'Quando deve ser desencadeado' e 'Recursos Mínimos Previstos' sem qualquer registro de data, ata, relatório ou número de participantes de simulado realizado","alta",""
"Porto Alegre","vermelho","semáforo (verde/vermelho)","sim","nao","“Realizar simulados de evacuação e salvamento em embarcações, com treinamento de tripulação e apoio de CBMRS e SAMU (2025);”[ref_id:0][ref_id:4]","alta",""
"Portão","vermelho","semáforo (verde/vermelho)","sim","nao","8.1. Validação e Exercícios Simulados (sumário) e trechos que indicam obrigação/planejamento: ""8. DISPOSIÇÕES FINAIS 8.1. Validação e Exercícios Simulados"" e procedimental: ""Para melhoria do Plano ... os órgãos envolvidos ... deverão participar de reuniões ordinárias permitindo afinar as ações e discutir e alterar o planejamento.""","alta",""
"Pouso Novo","vermelho","semáforo (verde/vermelho)","nao","sim","Histórico de eventos adversos e desastres no município: 2010 Enchente na comunidade de Barra do Fão; 2024 Deslizamentos de encosta na rodovia 386, provocando interdição; 2024 Enchente na comunidade de Barra do Fão; 2024 Desabamento de três residências, chuva erodiu a encosta; 2024 Ponte de Arroio Leite danificada devido enchente; 2024 Ponte de Barra do Fão danificada devido enchente","alta",""
"Poço das Antas","vermelho","semáforo (verde/vermelho)","nao","N/A","Não há menção a simulado/treinamento realizado; conteúdos recuperados incluem plano de contingência (capa 2025) e seção de recursos e vulnerabilidades, sem ata, data de simulado, relatório ou número de participantes nos trechos disponíveis: ""PLANO MUNICIPAL DE CONTINGÊNCIA"" (capa) [ref_id:1] e página ""5.2. Inundação..."" com recursos disponíveis e identificação de vulnerabilidade, sem registro de exercício realizado [ref_id:0][ref_id:2]","alta",""
"Presidente Lucena","vermelho","semáforo (verde/vermelho)","sim","nao","Não há menção a simulado realizado; o plano lista ações e prever uso de abrigo/veículos em alagamento e distribuição de lonas em destelhamento (ex.: ""5.1: Em caso de destelhamento, distribuição de lonas...""; ""5.2: Em caso de alagamento, disponibilização de veículos...""), e capa indica data do plano (""AGOSTO/2017. Atualizado em fevereiro/2025"").","alta",""
"Progresso","vermelho","semáforo (verde/vermelho)","nao","sim","Documentos descrevem ações de socorro, coordenação e relatos de pontes e estradas interditadas por transbordamentos (ex.: ""ponte ... interditada; arroio ... transbordou, removendo cabeceiras e bloqueando o tráfego"") e instruções de acionamento do plano, mas não há menção de simulado/treinamento realizado com data, ata, relatório ou número de participantes; as páginas listam ações desenvolvidas como ""Acionar motoristas e operadores para prestar socorro imediato e desobstruir locais interditados"" e relatam ocorrências reais nas localidades (ex.: ""Arroio Chico Mariano transbordou, removendo cabeceiras e bloqueando o tráfego"").","alta",""
"Putinga","vermelho","semáforo (verde/vermelho)","sim","N/A","O documento é um ""PLANO DE CONTINGÊNCIA"" que descreve objetivos e procedimentos para resposta a eventos (seca, vendaval, granizo, alagamentos e enchentes) e contém assinaturas; não há menção a simulado/treinamento efetivamente realizado com data, ata, relatório ou número de participantes nos trechos recuperados.","media",""
"Quevedos","vermelho","semáforo (verde/vermelho)","sim","nao","“5.2 Preparação: treinamento e exercises para equipes de resposta e voluntários, periodic disaster simulations with the public/schools/institutions” [documento Plano de Contingência Municipal de Quevedos] e página datada 20 de janeiro de 2025 indicando revisão anual, assinaturas — não há menção a simulado realizado com data, ata, relatório ou nº de participantes.","alta",""
"Quinze de Novembro","vermelho","semáforo (verde/vermelho)","nao","nao","""PLANO DE CONTINGÊNCIA Município de Quinze de Novembro/ RS Janeiro/2023."" (documento descreve objetivos, ações, abrigos e responsabilidades, mas não contém frase indicando que um simulado/exercício de evacuação foi efetivamente realizado, com data, ata, relatório ou número de participantes)","alta",""
"Relvado","vermelho","semáforo (verde/vermelho)","sim","nao","O documento descreve procedimentos e previsões de realização de ações e treinamentos, mas não relata simulado já realizado. Exemplo de linguagem preditiva: ""Os alertas emitidos pelos órgãos oficiais ... serão recebidos..."" [ref_id:0][ref_id:2]","alta",""
"Restinga Sêca","vermelho","semáforo (verde/vermelho)","sim","nao","Não há menção a simulado realizado; o documento trata de procedimentos, acionamento e responsabilidades (ex.: ""Acionar equipe da COMDEC-Responsável: Secretário de Obras - (55) 99951-9497"") e orientações sobre abrigos e ações, sem registro de data/relatório/ata/nº participantes de exercício realizado.","alta",""
"Rio Grande","vermelho","semáforo (verde/vermelho)","sim","nao","Não há menção a simulados efetivamente realizados. O documento contém trechos como ""Esse plano encontra-se em processo de revisão"" e várias determinações de ação/rotina (ex.: ""Saída em campo das equipes da Defesa Civil"", ""Acionamento de equipes"", ""Montagem de abrigos"") sem indicação de data, ata, relatório ou número de participantes de um simulado realizado.","alta",""
"Rio Pardo","vermelho","semáforo (verde/vermelho)","sim","nao","""Após realizado(s) todas as fases e sub-fases deste Plano de Contingência deverá o Coordenador da Defesa Civil de Rio Pardo junto às demais Secretarias realizar avaliação de todas as etapas percorridas durante o evento, assim observando acertos e pontos a melhorar""","alta",""
"Riozinho","vermelho","semáforo (verde/vermelho)","sim","nao","“instruções ... referências a conducting simulated exercises, coordinating with the municipal protection and civil defense office, documenting problems and suggested improvements, and distributing revised versions.” [ref_id:0]","alta",""
"Roca Sales","vermelho","semáforo (verde/vermelho)","sim","sim","Não há menção a simulado realizado; o texto descreve ações de preparação e prevê capacitações/treinamentos (""capacitações"", ""deverão realizar"" não foi encontrado literalmente), e registra enchentes reais como eventos passados (ex.: ""enchentes do rio Taquari... Set/2023 – 24,14 metros"", ""Mai/2024 – 24,96 metros"") indicando resposta a eventos reais em vez de simulado","alta",""
"Rolante","vermelho","semáforo (verde/vermelho)","sim","nao","Texto do plano: ""Abrigos de Emergência"" (lista de abrigos) e ""mobilização executada pela Defesa Civil e comando do Corpo de Bombeiros Voluntários quando os indicadores atingirem 150 mm ou deslocamento de massa for detectado"" — não há menção a simulado efetivamente realizado com data, ata, relatório ou número de participantes; o documento contém instruções de ativação/desmobilização e critérios/autoridade (ex.: ""deverá ser ativado"" e critérios de precipitação e níveis de rios) e formulário de registro de alterações com data de versão (""ÚLTIMA ATUALIZAÇÃO: 12/09/2023"") mas nenhuma referência a realização de simulados passados com data/ata/relatório/participantes.""","alta",""
"Saldanha Marinho","vermelho","semáforo (verde/vermelho)","nao","nao","Documento contém seções sobre ""Que ações devem ser desenvolvidas"" (ex.: ""5.2 Remoção de pessoas de áreas de risco"") e identificação do Coordenador Municipal de Defesa Civil, sem menção a simulado realizado, ata, relatório, data de realização ou número de participantes; capa datada ""SETEMBRO/ 2017"" (não é indicação de simulado realizado).","alta",""
"Salto do Jacuí","vermelho","semáforo (verde/vermelho)","N/A","N/A","PLANO DE CONTINGÊNCIA Município de Salto do Jacuí / RS ABRIL 2025.","baixa",""
"Salvador do Sul","vermelho","semáforo (verde/vermelho)","nao","nao","NÃO há indicação de que tenha sido realizado algum simulado/treinamento no passado com data, ata, relatório ou número de participantes no documento; o texto descreve acionamento em caso de evento adverso e ações a serem desenvolvidas, p.ex.: ""Quando o plano será acionado? ... Quando ocorrer algum evento adverso com danos materiais elou humanos."" [ref_id:1] e o documento contém apenas descrição de responsabilidades e ações a desenvolver (ex.: ""5- Que ações devem ser desenvolvidasl z ( O quê ?)""; listas de órgãos e responsáveis) sem menção a simulado realizado, ata ou relatório no passado [ref_id:0][ref_id:1]","alta",""
"Sananduva","vermelho","semáforo (verde/vermelho)","nao","nao","não menciona a realização de simulados; contém instruções de atuação e histórico de eventos reais, mas não há frase informando que “foi realizado o simulado” nem ata/relatório/nº de participantes","alta",""
"Santa Bárbara do Sul","vermelho","semáforo (verde/vermelho)","sim","nao","Texto do plano: ""Ações a serem desenvolvidas"" descreve procedimentos de Monitoramento, Alerta, Alarme, Fuga (evacuação) e atribui responsabilidades ao COMDEC; exemplos incluem recursos necessários e atribuições (ex.: ""equipe responsável por guiar a população para o ponto de encontro""). O documento contém instruções e listas de abrigos e recursos, mas não apresenta frase indicando que um simulado foi efetivamente realizado (ex.: ""foi realizado o simulado em <data>"", ata, relatório ou nº de participantes)"" [ref_id:0][ref_id:2][ref_id:3]","alta",""
"Santa Cecília do Sul","vermelho","semáforo (verde/vermelho)","sim","nao","Não há menção a simulado realizado; o documento lista ""Atividades de Resposta e Responsáveis"" e ações a serem desenvolvidas (ex.: ""iniciar resgate de vítimas"", ""ativar mecanismos do plano de contingência""), e afirma ""Nenhum documento foi anexado."" [ref_id:5][ref_id:3][ref_id:7]","alta",""
"Santa Clara do Sul","vermelho","semáforo (verde/vermelho)","nao","nao","não há menção a um simulado/exercício de evacuação efetivamente realizado; documentos listam objetivos, abrigos, equipe, procedimentos de ativação e contatos, mas não relatam ""foi realizado o simulado"" nem ata/relatório/nº de participantes","alta",""
"Santa Cruz do Sul","vermelho","semáforo (verde/vermelho)","sim","nao","O documento descreve procedimentos e prevê a realização de ações e simulados (ex.: ""O Plano de Contingência... estabelecendo os procedimentos..."" e menciona padrões de ativação e exercícios como obrigação), mas não apresenta registro de simulado realizado no passado com data, ata, relatório ou nº de participantes; anexo lista ""Eventos ocorridos no período de 2013 a 2024"" sem indicar que algum desses itens foi um simulado realizado com ata/relatório especificando participantes (N/A).","alta",""
"Santa Maria do Herval","vermelho","semáforo (verde/vermelho)","sim","nao","Ações a serem desenvolvidas Realizar a remoção de pessoas das áreas de risco Acionar os mecanismos para implantação do Palno de Contigência para atendimento ao desastre Avaliar a extensão dos danos materiais Dar assistência aos desabrigados e desalojados Dispor de veículos para transporte de recursos humanos e materiais para socorra às vítimas","alta",""
"Santa Maria","vermelho","semáforo (verde/vermelho)","sim","nao","“Realizar exercícios de simulação para garantir a eficácia da resposta conjunta (Defesa Civil, 2024).” [ref_id:0][ref_id:2] — não há indicação de data, ata, relatório ou número de participantes que comprove que algum simulado foi efetivamente realizado; menções são a treinamentos/simulações regulares ou recomendadas (ex.: “Treinar regularmente as equipes... através de simulações de casos reais...” ) [ref_id:0][ref_id:1][ref_id:2][ref_id:3]","alta",""
"Santa Vitória do Palmar","vermelho","semáforo (verde/vermelho)","sim","N/A","“O plano deverá ser revisado anualmente pela Coordenadoria Municipal de Defesa Civil,”","alta",""
"Santana da Boa Vista","vermelho","semáforo (verde/vermelho)","nao","N/A","Não há no documento recuperado nenhuma frase que afirme que um simulado/exercício de evacuação foi efetivamente realizado (com data, ata, relatório ou nº de participantes). Os documentos disponíveis incluem capa do Plano (março/2025) [ref_id:0], formulários de identificação de ações e responsáveis [ref_id:1], resumo de recursos e estoques [ref_id:2] e lista de abrigos [ref_id:4], sem menção a simulados realizados; portanto classifica-se como 'não menciona simulados' / apenas documentação de planejamento/recursos.","alta",""
"Santiago","vermelho","semáforo (verde/vermelho)","sim","N/A","""Realizar simulações e exercícios práticos (Hopeful, 2024).""","alta",""
"Santo Antônio da Patrulha","vermelho","semáforo (verde/vermelho)","sim","nao","“Além disso, devem ser realizados exercícios simulados conjuntos, com pelo menos uma edição anual em Santo Antônio da Patrulha como prevê a Lei Federal Nº 12.608, de 10 de Abril de 2012.” [ref_id:0][ref_id:2]","alta",""
"Santo Antônio do Palma","vermelho","semáforo (verde/vermelho)","nao","nao","Não há menção a simulado/exercício de evacuação efetivamente realizado com data, ata, relatório ou número de participantes no plano; o documento descreve ações (ex.: ""5.3 Evacuação; assistência às vítimas com cadastramento (Secretaria Municipal da Assistência Social) e alojamento em abrigos e casas de parentes"") e responsabilidades, mas não declara que um simulado foi realizado nem apresenta ata/relatório/participantes.","alta",""
"Santo Antônio do Planalto","vermelho","semáforo (verde/vermelho)","sim","nao","""AÇÕES A SEREM DESENVOLVIDAS"" (tabela de atribuições) e seções descrevendo responsabilidades e acionamento do plano — não há menção a simulado já realizado com data/relatório/ata/nº de participantes; por exemplo, ""1.3 Quando deve ser desencadeado?: explica quando o plano é acionado"" (descrição de gatilhos) e tabelas de atribuições/recursos/shelter, sem registro de exercício realizado.","alta",""
"Santo Expedito do Sul","vermelho","semáforo (verde/vermelho)","nao","nao","Não há menção no documento a simulado/treinamento efetivamente realizado com data, ata, relatório ou nº de participantes; o plano lista ações previstas (ex.: ""Evacuação; assistência às vítimas...; alojamento em abrigos e casas de parentes"") e responsabilidades, mas não registra execução de exercício/ simulado no passado","alta",""
"Sapiranga","vermelho","semáforo (verde/vermelho)","sim","nao","O documento descreve ações e procedimentos (ex.: ""5.1 NO PRÉ‑DESASTRE — Monitoramento constante das áreas de riscos."") e orientações de socorro (ex.: ""5.2 AÇÕES INICIAIS NO DESASTRE""; ""5.3 AÇÕES DE SOCORRO NO DESASTRE""), mas não apresenta registro de simulado realizado, ata, relatório ou número de participantes; há cronologia de eventos reais (2018–2024) sem indicação de exercícios realizados.","alta",""
"Sapucaia do Sul","vermelho","semáforo (verde/vermelho)","sim","nao","“deverão realizar capacitação com sua equipe executora ... tanto pra esclarecimento sobre o Plano, quanto exercícios simulados, se necessário.”[ref_id:0]","alta",""
"Segredo","vermelho","semáforo (verde/vermelho)","sim","nao","""conduzir simulacros para testar planos de contingência""; não há indicação de data, ata, relatório ou número de participantes que comprove simulado já realizado no passado no documento recuperado [ref_id:0][ref_id:3]","alta",""
"Selbach","vermelho","semáforo (verde/vermelho)","N/A","N/A","N/A","alta",""
"Sentinela do Sul","vermelho","semáforo (verde/vermelho)","sim","nao","""O plano será revisado anualmente."" (p.6) e seções indicam ações, capacitações e ""Preparação (alertas e capacitações)"" mas não há descrição de simulados realizados, datas, atas, relatórios ou número de participantes; documentos listam formulários de cadastramento, listas de voluntários e abrigos, e instruções para execução, sem relato de simulado concluído. [ref_id:5][ref_id:0][ref_id:3][ref_id:21]","alta",""
"Sertão Santana","vermelho","semáforo (verde/vermelho)","sim","nao","“Deverá ser revisado a cada 12 meses” / “Manter o PLAMCON atualizado, ... treinar equipes.”","alta",""
"Sertão","vermelho","semáforo (verde/vermelho)","nao","nao","NÃO menciona simulado realizado; contém objetivos, quem aciona o plano e quando deve ser desencadeado (ex.: ""Quando deve ser desencadeado: I. Enxurradas — damage to bridges..."" )","alta",""
"Severiano de Almeida","vermelho","semáforo (verde/vermelho)","sim","nao","não menciona simulados; prevê ações e responsabilidades e lista abrigos, mas não registra ""simulado realizado"" nem ata/relatório/número de participantes no documento do PLACON (Agosto/2025).","alta",""
"Silveira Martins","vermelho","semáforo (verde/vermelho)","nao","N/A","PLANO DE CONTINGÊNCIA MUNICÍPIO de SILVEIRA MARTINS – RS SILVEIRA MARTINS, 10 DE JULHO DE 2023","baixa",""
"Sobradinho","vermelho","semáforo (verde/vermelho)","sim","sim","“Ainda é uma atribuição do município estabelecido na Lei Nº 12.608, de 10 de Abril de 2012, confeccionar o Plano de Contingência e seu simulado.”[ref_id:2] ""...evento devastador ocorrido no ano de 2024, onde toda a população Sobradinhense foi afetada...""[ref_id:2] ""A evacuação é acionada sempre pelo Prefeito Municipal ou o Coordenador da COMPDEC...""[ref_id:9]","alta",""
"Soledade","vermelho","semáforo (verde/vermelho)","sim","nao","O Plano descreve ações de evacuação e prevê a realização de atividades/treinamentos no âmbito da Defesa Civil, mas não traz registro de simulado já realizado com data, ata, relatório ou número de participantes: ""5.3. Evacuação; assistência às vítimas com cadastramento via Secretaria Municipal da Assistência Social e alojamento em abrigos e casas de parentes."" [ref_id:2] ""O Plano de Contingência do Município de Soledade segue o perfil básico do modelo de PLACON... sendo elaborado pela Coordenadoria Municipal de Defesa Civil e órgãos de apoio, sendo aprovadas pelo Conselho Municipal de Defesa Civil e demais entidades diretamente envolvidas, sendo registrado em ata."" (não há menção a simulado já realizado). [ref_id:0][ref_id:3]","alta",""
"São Domingos do Sul","vermelho","semáforo (verde/vermelho)","nao","nao","DOCUMENTOS Nome Ação Ata de Posse 2021.pdf ATA PLANCON.pdf PORTARIA 4828 defesa civil - recompõe me... PORTARIA 4833 defesa civil coordenação (... Lei 1739 - DEFESA CIVIL (1).doc","alta",""
"São Francisco de Assis","vermelho","semáforo (verde/vermelho)","nao","nao","Documento: Plano de Contingência do Município de São Francisco de Assis (Março/2025) — não há menção em páginas recuperadas a simulado/exercício de evacuação efetivamente realizado; conteúdo recuperado descreve capa e dados cadastrais do plano, sem ata, relatório, data de realização ou número de participantes de simulados.","media",""
"São Jerônimo","vermelho","semáforo (verde/vermelho)","sim","nao","O PLAMCON descreve procedimentos, atribuições e que devem ser realizadas ações de socorro, evacuação e ""capacitar recursos humanos"" e prevê organização de abrigos e etapas de monitoramento/alerta, mas não apresenta relato, ata, data ou número de participantes de um simulado já realizado no passado; por exemplo: ""O presente plano foi elaborado... bem como realizar as ações para a criação e manutenção das condições necessárias"" e ""Capacitar recursos humanos para as ações de defesa civil"" [ref_id:7][ref_id:8]","alta",""
"São José do Herval","vermelho","semáforo (verde/vermelho)","sim","nao","Não há menção a simulado realizado; o plano usa linguagem de ação/obrigação como ""Realizar levantamentos dos prejuízos e danos causados"" e ""Definir logística"" e orientações operacionais, sem ata, data de simulado, relatório ou número de participantes; ex.: ""Realizar levantamentos dos prejuízos e danos causados"" [ref_id:3] e seção de logística ""Defesa Civil definirá a estratégia logística"" [ref_id:8].","alta",""
"São José do Hortêncio","vermelho","semáforo (verde/vermelho)","sim","nao","Não há menção a simulados realizados; o texto usa instruções e procedimentos e prevê ações como ""esteja preparado para evacuar"" e responsabilidades, sem relatar datas ou atas de simulados realizados. Ex.: ""Laranja – acima de 3,0 metros até 4,0 metros: esteja preparado para evacuar.""[ref_id:2]","alta",""
"São José do Norte","vermelho","semáforo (verde/vermelho)","sim","nao","“Simulados anuais” [ref_id:0] e trecho que lista atividades de preparação como “Planos de evacuação por bairro” e “Treinamento de comunicação emergencial” sem mencionar data/relatório/ata de simulado realizado no passado [ref_id:0][ref_id:2]","alta",""
"São José do Ouro","vermelho","semáforo (verde/vermelho)","nao","N/A","Documento descreve ações e prevê evacuação e treinamentos (ex.: itens de ação 5.1–5.5 e identificação de responsáveis), mas não registra ""foi realizado o simulado"" nem ata/relatório/nº de participantes; exemplo: ""5.3 Evacuação; assistência às vítimas com cadastramento via Secretaria Municipal da Assistência Social e alojamento em abrigos e casas de parentes."" [ref_id:0][ref_id:3]","alta",""
"São José do Sul","vermelho","semáforo (verde/vermelho)","sim","nao","“5. Que ações devem ser desenvolvidas.” (lista de ações incluindo: 5.1 ativar autoridades, 5.7 remover/evacuar pessoas, 5.18 Avaliar, organizar e estimular a reconstrução das residências atingidas)”","alta",""
"São João da Urtiga","vermelho","semáforo (verde/vermelho)","sim","nao","""De caráter preventivo, o Plano de Contingências de Desastres de São João da Urtiga tem por orientar e organizar as ações...""; ""Deverão realizar"" não aparece explicitamente, mas o documento descreve ações, responsabilidades e listas de abrigos sem citações de simulados realizados, relatórios ou atas que indiquem que um simulado foi efetivamente realizado no passado.","alta",""
"São João do Polêsine","vermelho","semáforo (verde/vermelho)","nao","nao","N/A","alta",""
"São Leopoldo","vermelho","semáforo (verde/vermelho)","sim","nao","""deverão realizar, sob a coordenação da Secretaria Municipal de Proteção e Defesa Civil, exercícios simulados conjuntos ao menos uma vez por ano. Ao final de cada simulado, deverá ser elaborado um relatório..."" [ref_id:0][ref_id:1]","alta",""
"São Lourenço do Sul","vermelho","semáforo (verde/vermelho)","N/A","N/A","N/A","baixa",""
"São Martinho da Serra","vermelho","semáforo (verde/vermelho)","sim","nao","“Oferecer às equipes da APS capacitação frequente para o enfrentamento dos ​desastres.” [ref_id:2] / “Realizar capacitação de funcionários para situações de desastres.” [ref_id:2]","alta",""
"São Pedro da Serra","vermelho","semáforo (verde/vermelho)","nao","nao","Não há menção a simulados realizados; o documento descreve procedimentos e responsabilidades (ex.: ""O plano será desencadeado...""; ""deverão tomar a decisão..."") e listas de recursos/abrigos, sem ata, data de simulado, relatório ou número de participantes.","alta",""
"São Pedro do Sul","vermelho","semáforo (verde/vermelho)","nao","N/A","N/A","alta",""
"São Sebastião do Caí","vermelho","semáforo (verde/vermelho)","sim","nao","""TREINAMENTOS E SIMULADOS • Criação do projeto “Agente Comunitário de Risco”: líderes locais""","alta",""
"São Sepé","vermelho","semáforo (verde/vermelho)","sim","nao","Não há menção a simulado realizado; o documento indica ações a serem desenvolvidas e mobilização (ex.: ""3.5: Retirar e encaminhar as pessoas para casas de parentes e, se necessário, aos abrigos"") e prevê responsabilidades e registros de versões (ex.: ""Versões v.2 de 2024 e v.3 2025""), mas não contém frase indicando que ""foi realizado o simulado"" nem ata/relatório/nº de participantes que comprove realização passada","alta",""
"São Vendelino","vermelho","semáforo (verde/vermelho)","sim","nao","“Evacuação: Coordenar a evacuação imediata da população em áreas de risco iminente.”","alta",""
"São Vicente do Sul","vermelho","semáforo (verde/vermelho)","sim","nao","“PLANO DE CONTINGÊNCIA 2023” (documento descreve procedimentos, abrigos, responsabilidades e que o município deverá montar Posto de Comando e realizar ações); não há menção a simulado realizado com data, ata, relatório ou número de participantes — o texto apresenta prescrições e deveres como: “Montar o Posto de Comando (PC) para a ativação do Plano.”","alta",""
"Sério","vermelho","semáforo (verde/vermelho)","sim","nao","“O presente Plano foi elaborado e aprovado ... assumir o compromisso de atuar ... bem como realizar as ações para a criação e manutenção das condições necessárias ao desempenho das atividades e responsabilidades previstas neste Plano.” [ref_id:1]","alta",""
"Tabaí","vermelho","semáforo (verde/vermelho)","nao","nao","Documento: ""Plano de Contingência de Proteção e Defesa Civil."" (conteúdo indica objetivos, acionamento, áreas de risco e ações — foco em estiagem) e formulário do plano com seções ""6. Lista de Abrigos"" e ""7. Resumo dos Recursos""; não há menção a simulado realizado, ata, relatório ou número de participantes. [ref_id:0][ref_id:1]","alta",""
"Tapejara","vermelho","semáforo (verde/vermelho)","sim","nao","“Este Plano foi desenvolvido a partir das análises de risco...”; não há menção a simulados realizados com data, ata, relatório ou número de participantes. Trechos indicam ativação do plano perante ocorrência e responsabilidades, e previsões de ações (ex.: “será ativado sempre que...”, “Após a decisão formal de ativar o Plano...”), mas não há declaração de simulado efetivamente realizado.”","alta",""
"Tapera","vermelho","semáforo (verde/vermelho)","sim","nao","“Recomenda-se a realização de exercícios simulados anuais para testar a operacionalidade do plano.” [ref_id:0][ref_id:1]","alta",""
"Tapes","vermelho","semáforo (verde/vermelho)","sim","nao","Documento PLANO DE CONTINGÊNCIA descreve procedimentos, organograma, monitoramento, listas de abrigos e recursos, e orienta que ""Que ações devem ser desenvolvidas?: ... 5.1–5.7 ... ativar Defesa Civil, monitorar, avisar população, mobilizar responsáveis, avaliação de danos"" — não há menção de simulado realizado com data/ata/relatório/nº participantes nos documentos recuperados; existem instruções de preparação/monitoramento e organograma de funções (preparação e planejamento, monitoramento e alerta, ações de resposta imediata) indicando previsões/atribuições, não registro de um exercício já realizado","alta",""
"Taquara","vermelho","semáforo (verde/vermelho)","nao","nao","Não há menção a simulado/treinamento já realizado; o documento lista planejamento/atribuições, recursos, contatos e procedimentos de ativação, por exemplo: ""Serão deflagradas as atividades de acordo com o planejamento estabelecido para cada Cenário."" [ref_id:4][ref_id:7] e tabela de planejamento/recursos sem ata/relatório ou data de simulado realizado [ref_id:0][ref_id:8].","alta",""
"Taquari","vermelho","semáforo (verde/vermelho)","sim","sim","O texto descreve ações e níveis de alerta, responsabilidades e procedimentos operacionais, e cita remoção/retirada da população e atendimentos em eventos reais (ex.: ""remoção de famílias em risco iminente"" [ref_id:10][ref_id:14]) e registros de enchentes reais com números de desabrigados/desalojados e datas (ex.: ""17–20 November 2023 ... 255 famílias afetadas ... 39 desalojados, 66 desabrigados"" [ref_id:3]). Não há citação de simulado efetivamente realizado com data, ata, relatório ou número de participantes explícito nos trechos recuperados; o plano também usa linguagem de obrigação/rotina (ex.: manter equipes em regime de plantão, realizar vistorias) e prevê ações em ALERTA/EMERGÊNCIA, sem indicar um exercício realizado no passado [ref_id:10][ref_id:14][ref_id:11].","alta",""
"Tavares","vermelho","semáforo (verde/vermelho)","sim","N/A","Section 1 objetivos... estabelece procedimentos a serem adotados pelos órgãos envolvidos na resposta às emergências, com ações desenvolvidas imediatamente após a ocorrência...; Section 3 'Quando deve ser desencadeado: Em situações emergêntes.' Não há menção de simulado realizado, apenas procedimentos e acionamento em emergências.","alta",""
"Teutônia","vermelho","semáforo (verde/vermelho)","sim","nao","O presente plano deve ser regularmente exercitado, no todo ou em parte, com simulações de variadas situações.","alta",""
"Tio Hugo","vermelho","semáforo (verde/vermelho)","sim","nao","O documento menciona ações e que ""Serão ativados"" protocolos e que o COMPDEC ""ativará o plano"" e descreve medidas a serem tomadas, sem indicar registro de simulado realizado no passado; não há menção a ata, relatório, data de realização ou número de participantes de simulados no plano. [ref_id:3][ref_id:5]","alta",""
"Toropi","vermelho","semáforo (verde/vermelho)","nao","nao","O documento contém menções a ""Alerta"", ""Alarme"" e ""Resposta"" e descreve ações a desenvolver e monitoramento, mas não traz registro de simulado realizado (data, ata, relatório ou nº de participantes). Excertos: ""5.1 Monitoramento: objetivo é antecipar adversos...""; ""5.4 Resposta: first resources mobilized...""; não há frase do tipo ""foi realizado o simulado em"" nem ata/relatório/ nº de participantes nos anexos recuperados.""","alta",""
"Travesseiro","vermelho","semáforo (verde/vermelho)","nao","nao","Não menciona realização de simulados/treinamentos; o documento descreve ações, recursos, abrigos e declarações como ""O referido plano deverá ser acionado"" e lista estrutura e responsáveis. Travesseiro, 22 de outubro de 2025.","alta",""
"Triunfo","vermelho","semáforo (verde/vermelho)","nao","nao","Nenhum documento foi anexado.","alta",""
"Três Arroios","vermelho","semáforo (verde/vermelho)","nao","N/A","Não menciona simulado realizado; contém ações a serem desenvolvidas (ex.: ""Evacuação e assistência às vítimas com cadastramento via Secretaria Municipal de Assistência Social; abrigo em abrigos ou casa de familiares"") e procedimentos de acionamento do plano (ex.: ""COMPDEC acionará procedimentos de convocação, o posto de comando e compilará as informações""), além de lista de abrigos e responsáveis, sem indicação de data/ata/relatório ou nº de participantes de um simulado realizado.","alta",""
"Três Coroas","vermelho","semáforo (verde/vermelho)","sim","nao","""devem ser realizados simulados conjuntos, com pelo menos uma edição anual em TRES COROAS como prevê a Lei nº12.608, de 10 de abril de 2012.""","alta",""
"Tunas","vermelho","semáforo (verde/vermelho)","sim","nao","“Evacuação da área de risco: Em caso de risco será realizada a evacuação das famílias... Essa evacuação será realizada pela Defesa Civil Municipal e pela Assistência Social.” [ref_id:3][ref_id:8]","alta",""
"Tupanci do Sul","vermelho","semáforo (verde/vermelho)","nao","sim","Histórico da recorrência: Ocorrência frequente no ano de 2023 com vários eventos entre os meses de setembro a novembro","alta",""
"Tupanciretã","vermelho","semáforo (verde/vermelho)","sim","nao","""1. Objetivos do Plano: goal is to minimize disaster effects through dissemination of scientific/technological knowledge and training of human resources;"" e itens 5.1–5.8 que descrevem ações a serem desenvolvidas (ex.: ""Reunião com os membros, voluntários e entidades ligadas a Defesa Civil..."") — não há menção a simulado efetivamente realizado com data, ata, relatório ou número de participantes","alta",""
"Tupandi","vermelho","semáforo (verde/vermelho)","sim","N/A","5. Que ações devem ser desenvolvidas — descreve ações a serem tomadas em casos de enchentes, enxurradas, granizo, vendaval e deslizamentos, sem citar realização de simulado, apenas medidas e procedimentos a serem adotados (documento Plano de Contingência, Novembro/2023).","alta",""
"Turuçu","vermelho","semáforo (verde/vermelho)","nao","nao","Nenhuma menção de simulado realizado com data/ata/relatório ou nº de participantes encontrada no Plano de Contingência — o documento descreve procedimentos, acionamento, áreas de risco, ações a serem desenvolvidas e recursos/abrigos, sem indicar que um exercício de evacuação foi efetivamente realizado no passado [ref_id:0][ref_id:3][ref_id:5]","alta",""
"Unistalda","vermelho","semáforo (verde/vermelho)","sim","N/A","NÃO encontrei no documento menção a simulado/treinamento efetivamente realizado. O texto contém instruções de ativação do plano e atribuições (ex.: ""O Plano de Contingência ... será ativado sempre que forem constatadas as condições..."" [ref_id:0]) e orientações de obrigação/planejamento (ex.: ""deverão""/procedimentos e ações a serem desenvolvidas), sem descrição de simulados realizados, atas, relatórios ou número de participantes.","alta",""
"Vale Real","vermelho","semáforo (verde/vermelho)","sim","nao","“Simulações de evacuação e resposta a desastres;”[ref_id:2][ref_id:0] e “O COMPDEC é responsável por organizar reuniões periódicas de atualização e simulações práticas com todas as entidades envolvidas.”[ref_id:1] (não há menção a simulado efetivamente realizado com data, ata, relatório ou número de participantes)","alta",""
"Vale Verde","vermelho","semáforo (verde/vermelho)","sim","N/A","O documento descreve ações a serem desenvolvidas (ex.: ""Levar informação quanto ao risco de algum evento adverso""; ""Orientar e acolher os necessitados"") e quando deve ser desencadeado (ex.: ""o plano é acionado quando a defesa civil estadual emitir um aviso de risco""), sem indicar simulado/treinamento efetivamente realizado com data, ata, relatório ou nº de participantes","alta",""
"Vanini","vermelho","semáforo (verde/vermelho)","sim","nao","O Plano de Contingência (PLANCON) de Vanini lista atividades, responsáveis e espaços de abrigo e tem data de última atualização 07/01/2025, mas não apresenta registro de ""simulado"" realizado, ata, relatório ou número de participantes; o documento usa linguagem de ação/obrigação (ex.: ""Acionar os mecanismos para implantação do Plano de Contingência"") e descreve atividades de resposta reais, sem indicação de exercício concluído nem frase do tipo ""foi realizado o simulado em <data>"".","alta",""
"Venâncio Aires","vermelho","semáforo (verde/vermelho)","sim","nao","O Plano descreve procedimentos e prevê realização de ações/ativação e chamados (ex.: ""Após a decisão formal de ativar o Plano de Contingência, as seguintes medidas serão desencadeadas:"") e menciona convocação de órgãos e periodicidade/obrigações, mas não apresenta registro de simulado efetivamente realizado com data, ata, relatório ou número de participantes no documento recuperado. [ref_id:1][ref_id:5]","alta",""
"Vera Cruz","vermelho","semáforo (verde/vermelho)","sim","nao","Não há menção a simulado/treinamento efetivamente realizado; o documento descreve procedimentos, atribuições e que ""Serão deflagradas as atividades de acordo com o planejamento estabelecido para cada Cenário."" e prevê ativação do plano mediante eventos/alertas (""O PLANCON será ativado sempre que...""), sem registrar data, ata, relatório ou número de participantes de um simulado realizado.","alta",""
"Vespasiano Corrêa","vermelho","semáforo (verde/vermelho)","sim","nao","""Campanhas educativas e treinamentos comunitários""; ""Capacitação de voluntários e rotas de evacuação""; não há menção a data, ata, relatório ou número de participantes de simulado realizado.","alta",""
"Viadutos","vermelho","semáforo (verde/vermelho)","N/A","N/A","N/A","baixa",""
"Viamão","vermelho","semáforo (verde/vermelho)","sim","nao","Este plano deve ser revisado e atualizado: - Anualmente, de forma ordinária; - Após cada ocorrência real, para incorporar lições aprendidas; - Quando houver alterações significativas... (procedimentos e acionamento descrevem evacuação e treinamentos como procedimentos a serem realizados, mas o documento não cita simulado efetivamente realizado, ata, relatório ou número de participantes).","alta",""
"Victor Graeff","vermelho","semáforo (verde/vermelho)","sim","nao","""instruções para manutenção do plano — instruem os órgãos envolvidos a realizarem exercícios e simulações, idealmente uma vez por ano; emitir relatório após cada exercício"" [ref_id:0]","alta",""
"Vila Lângaro","vermelho","semáforo (verde/vermelho)","sim","nao","“5.3 - Atuar na busca, salvamento e evacuação das pessoas atingida pelo desastre;” [ref_id:4] — (menciona ações e procedimentos a serem desenvolvidos, sem indicar que um simulado foi realizado) / “O COMPDEC ativará o Plano de chamada.” [ref_id:1] — (descrições de ativação e responsabilidades, sem ata, data de realização de simulado, relatório ou número de participantes)","alta",""
"Vila Maria","vermelho","semáforo (verde/vermelho)","sim","nao","Ações a serem desenvolvidas: Acionar os mecanismos para implantação do Plano de Contingência para atendimento ao desastre; Realizar a remoção de pessoas das áreas de risco; Conduzir as ações estratégicas ... (não há texto que afirme ""foi realizado o simulado em <data>"", ata/relatório ou nº de participantes).","alta",""
"Vila Nova do Sul","vermelho","semáforo (verde/vermelho)","sim","nao","o documento descreve procedimentos e responsabilidades e diz que o plano ""será ativado sempre que forem constatadas as condições e pressupostos que caracterizam um dos cenários de risco"" e que foi ""elaborado e aprovado pelos órgãos e instituições integrantes do sistema municipal de Defesa Civil identificados em atas"" — não há menção a simulado/treinamento efetivamente realizado com data, ata, relatório ou número de participantes","alta",""
"Westfália","vermelho","semáforo (verde/vermelho)","sim","nao","O referido Plano é acionado pela municipalidade... 3. Desencadeamento do Plano O referido plano deverá ser acionado em cenários adversos... Westfália, 20 de outubro de 2025.","alta",""
"Água Santa","vermelho","semáforo (verde/vermelho)","nao","nao","Documento contém objetivos, quem aciona o plano, quando deve ser desencadeado e áreas de risco; não há menção a simulado/exercício realizado com data, ata, relatório ou nº de participantes (páginas mostram ""Objetivos do Plano"", ""Quem aciona o plano?"", ""Quando deve ser desencadeado"" e tabela de riscos) [ref_id:0][ref_id:1][ref_id:3]","alta",""
"Áurea","vermelho","semáforo (verde/vermelho)","nao","sim","Histórico de Recorrência: Eventuais na sede e em pontos específicos do município. Evento ocorrido em 2023 em grande proporção.[ref_id:0]","alta",""
